Lap,Position,Last Lap Position,Diff,Driver,Team,Tyre,Lap Time,Gap Ahead,Gap to Leader,Status
1,1,1,0,Eli Huertez,Pulang Kabayo Racing,Soft,1:49.442,-,-,Running
1,2,2,0,Mark Graham,Trike Motorsports,Soft,1:49.691,+0.499,+0.499,Running
1,3,3,0,Franc Abel,Shell Motorsports,Hard,1:51.015,+0.573,+1.072,Running
1,4,4,0,Berend Boer,Shell Motorsports,Soft,1:51.558,+0.794,+1.866,Running
1,5,5,0,Kanno Sora,LFL Engineering,Medium,1:50.843,+0.285,+2.151,Running
1,6,6,0,Jamar Henry,Trike Motorsports,Soft,1:51.264,+0.170,+2.321,Running
1,7,7,0,Fidan Basak,Pulang Kabayo Racing,Medium,1:50.522,+0.259,+2.580,Running
1,8,8,0,Al Fabet,Villiuride Racing,Soft,1:50.641,+0.180,+2.760,Running
1,9,9,0,Aleksa Kozlov,LFL Engineering,Medium,1:51.252,+0.050,+2.810,Running
1,10,10,0,Ye Li,Racing Life,Soft,1:49.822,+0.089,+2.899,Running
1,11,11,0,Sydney Aspen,Villiuride Racing,Medium,1:50.968,+0.627,+3.526,Running
1,12,12,0,Liesje Roser,Dacia Racing Team,Soft,1:50.791,+0.073,+3.599,Running
1,13,13,0,Monica Niculescu,Dacia Racing Team,Medium,1:51.881,+0.090,+3.688,Running
1,14,14,0,Aida Haque,Icarus,Soft,1:50.004,+0.123,+3.811,Running
1,15,15,0,Ananda Chohan,Mercedes AMG Motorsport,Soft,1:49.878,+0.124,+3.935,Running
1,16,16,0,Clara Longo,Icarus,Medium,1:49.884,+0.256,+4.192,Running
1,17,17,0,Damien Quibuyen,Mercedes AMG Motorsport,Medium,1:51.950,+0.816,+5.008,Running
1,18,18,0,Niamh Murphy,Racing Life,Medium,1:51.569,+0.119,+5.126,Running
2,1,2,1,Mark Graham,Trike Motorsports,Soft,1:50.134,-,-,Running
2,2,1,-1,Eli Huertez,Pulang Kabayo Racing,Soft,1:51.019,+0.387,+0.387,Running
2,3,3,0,Franc Abel,Shell Motorsports,Hard,1:50.716,+0.631,+1.018,Running
2,4,4,0,Berend Boer,Shell Motorsports,Soft,1:49.834,+0.050,+1.068,Running
2,5,7,2,Fidan Basak,Pulang Kabayo Racing,Medium,1:50.218,+0.823,+1.891,Running
2,6,6,0,Jamar Henry,Trike Motorsports,Soft,1:50.252,+0.050,+1.941,Running
2,7,9,2,Aleksa Kozlov,LFL Engineering,Medium,1:50.414,+0.650,+2.591,Running
2,8,5,-3,Kanno Sora,LFL Engineering,Medium,1:51.234,+0.162,+2.753,Running
2,9,10,1,Ye Li,Racing Life,Soft,1:50.774,+0.287,+3.039,Running
2,10,11,1,Sydney Aspen,Villiuride Racing,Medium,1:50.355,+0.209,+3.248,Running
2,11,12,1,Liesje Roser,Dacia Racing Team,Soft,1:50.377,+0.095,+3.343,Running
2,12,8,-4,Al Fabet,Villiuride Racing,Soft,1:51.296,+0.080,+3.423,Running
2,13,14,1,Aida Haque,Icarus,Soft,1:50.828,+0.583,+4.007,Running
2,14,15,1,Ananda Chohan,Mercedes AMG Motorsport,Soft,1:51.471,+0.014,+4.021,Running
2,15,13,-2,Monica Niculescu,Dacia Racing Team,Medium,1:51.015,+0.050,+4.071,Running
2,16,16,0,Clara Longo,Icarus,Medium,1:51.266,+0.754,+4.825,Running
2,17,18,1,Niamh Murphy,Racing Life,Medium,1:51.573,+1.242,+6.067,Running
2,18,17,-1,Damien Quibuyen,Mercedes AMG Motorsport,Medium,1:51.769,+0.077,+6.144,Running
3,1,2,1,Eli Huertez,Pulang Kabayo Racing,Soft,1:50.061,-,-,Running
3,2,1,-1,Mark Graham,Trike Motorsports,Soft,1:49.540,+0.050,+0.050,Running
3,3,3,0,Franc Abel,Shell Motorsports,Hard,1:49.432,+0.909,+0.959,Running
3,4,4,0,Berend Boer,Shell Motorsports,Soft,1:50.402,+1.020,+1.979,Running
3,5,6,1,Jamar Henry,Trike Motorsports,Soft,1:50.286,+0.758,+2.737,Running
3,6,5,-1,Fidan Basak,Pulang Kabayo Racing,Medium,1:50.379,+0.043,+2.780,Running
3,7,12,5,Al Fabet,Villiuride Racing,Soft,1:50.443,+1.397,+4.177,Running
3,8,7,-1,Aleksa Kozlov,LFL Engineering,Medium,1:51.126,+0.050,+4.227,Running
3,9,11,2,Liesje Roser,Dacia Racing Team,Soft,1:50.560,+0.099,+4.326,Running
3,10,9,-1,Ye Li,Racing Life,Soft,1:50.868,+0.092,+4.418,Running
3,11,10,-1,Sydney Aspen,Villiuride Racing,Medium,1:51.031,+0.372,+4.789,Running
3,12,8,-4,Kanno Sora,LFL Engineering,Medium,1:51.741,+0.214,+5.004,Running
3,13,14,1,Ananda Chohan,Mercedes AMG Motorsport,Soft,1:50.744,+0.134,+5.137,Running
3,14,15,1,Monica Niculescu,Dacia Racing Team,Medium,1:50.606,+0.050,+5.187,Running
3,15,13,-2,Aida Haque,Icarus,Soft,1:51.521,+0.851,+6.038,Running
3,16,18,2,Damien Quibuyen,Mercedes AMG Motorsport,Medium,1:50.523,+1.139,+7.177,Running
3,17,17,0,Niamh Murphy,Racing Life,Medium,1:51.268,+0.075,+7.252,Running
3,18,16,-2,Clara Longo,Icarus,Medium,1:51.968,+0.050,+7.302,Running
4,1,2,1,Mark Graham,Trike Motorsports,Soft,1:49.233,-,-,Running
4,2,1,-1,Eli Huertez,Pulang Kabayo Racing,Soft,1:49.622,+0.339,+0.339,Running
4,3,4,1,Berend Boer,Shell Motorsports,Soft,1:49.970,+2.328,+2.667,Running
4,4,5,1,Jamar Henry,Trike Motorsports,Soft,1:50.716,+1.070,+3.737,Running
4,5,3,-2,Franc Abel,Shell Motorsports,Hard,1:52.110,+0.050,+3.787,Running
4,6,10,4,Ye Li,Racing Life,Soft,1:49.513,+0.334,+4.120,Running
4,7,6,-1,Fidan Basak,Pulang Kabayo Racing,Medium,1:51.949,+0.477,+4.597,Running
4,8,7,-1,Al Fabet,Villiuride Racing,Soft,1:50.677,+0.973,+5.571,Running
4,9,13,4,Ananda Chohan,Mercedes AMG Motorsport,Soft,1:49.976,+0.129,+5.700,Running
4,10,9,-1,Liesje Roser,Dacia Racing Team,Soft,1:50.707,+0.050,+5.750,Running
4,11,11,0,Sydney Aspen,Villiuride Racing,Medium,1:50.704,+0.030,+5.780,Running
4,12,12,0,Kanno Sora,LFL Engineering,Medium,1:50.765,+0.483,+6.263,Running
4,13,8,-5,Aleksa Kozlov,LFL Engineering,Medium,1:51.370,+0.050,+6.313,Running
4,14,14,0,Monica Niculescu,Dacia Racing Team,Medium,1:51.303,+0.815,+7.128,Running
4,15,18,3,Clara Longo,Icarus,Medium,1:50.028,+0.029,+7.157,Running
4,16,15,-1,Aida Haque,Icarus,Soft,1:50.424,+0.021,+7.178,Running
4,17,16,-1,Damien Quibuyen,Mercedes AMG Motorsport,Medium,1:50.158,+0.873,+8.052,Running
4,18,17,-1,Niamh Murphy,Racing Life,Medium,1:52.068,+1.985,+10.037,Running
5,1,1,0,Mark Graham,Trike Motorsports,Soft,1:50.818,-,-,Running
5,2,2,0,Eli Huertez,Pulang Kabayo Racing,Soft,1:51.107,+0.629,+0.629,Running
5,3,5,2,Franc Abel,Shell Motorsports,Hard,1:50.364,+2.018,+2.647,Running
5,4,3,-1,Berend Boer,Shell Motorsports,Soft,1:50.848,+0.050,+2.697,Running
5,5,4,-1,Jamar Henry,Trike Motorsports,Soft,1:50.906,+1.128,+3.825,Running
5,6,7,1,Fidan Basak,Pulang Kabayo Racing,Medium,1:50.995,+0.750,+4.575,Running
5,7,6,-1,Ye Li,Racing Life,Soft,1:51.323,+0.050,+4.625,Running
5,8,10,2,Liesje Roser,Dacia Racing Team,Soft,1:49.926,+0.100,+4.725,Running
5,9,11,2,Sydney Aspen,Villiuride Racing,Medium,1:50.523,+0.246,+4.972,Running
5,10,9,-1,Ananda Chohan,Mercedes AMG Motorsport,Soft,1:50.140,+0.050,+5.022,Running
5,11,13,2,Aleksa Kozlov,LFL Engineering,Medium,1:50.112,+0.586,+5.608,Running
5,12,12,0,Kanno Sora,LFL Engineering,Medium,1:51.375,+0.356,+5.964,Running
5,13,8,-5,Al Fabet,Villiuride Racing,Soft,1:51.260,+0.050,+6.014,Running
5,14,14,0,Monica Niculescu,Dacia Racing Team,Medium,1:51.017,+0.757,+6.771,Running
5,15,16,1,Aida Haque,Icarus,Soft,1:51.183,+0.773,+7.543,Running
5,16,15,-1,Clara Longo,Icarus,Medium,1:51.326,+0.122,+7.665,Running
5,17,17,0,Damien Quibuyen,Mercedes AMG Motorsport,Medium,1:52.111,+1.680,+9.345,Running
5,18,18,0,Niamh Murphy,Racing Life,Medium,1:52.106,+1.981,+11.325,Running
6,1,1,0,Mark Graham,Trike Motorsports,Soft,1:49.562,-,-,Running
6,2,2,0,Eli Huertez,Pulang Kabayo Racing,Soft,1:48.904,+0.050,+0.050,Running
6,3,4,1,Berend Boer,Shell Motorsports,Soft,1:49.467,+2.632,+2.682,Running
6,4,3,-1,Franc Abel,Shell Motorsports,Hard,1:51.323,+1.805,+4.487,Running
6,5,5,0,Jamar Henry,Trike Motorsports,Soft,1:50.409,+0.264,+4.751,Running
6,6,10,4,Ananda Chohan,Mercedes AMG Motorsport,Soft,1:50.195,+0.915,+5.666,Running
6,7,13,6,Al Fabet,Villiuride Racing,Soft,1:49.185,+0.050,+5.716,Running
6,8,7,-1,Ye Li,Racing Life,Soft,1:50.685,+0.111,+5.827,Running
6,9,6,-3,Fidan Basak,Pulang Kabayo Racing,Medium,1:50.870,+0.135,+5.962,Running
6,10,11,1,Aleksa Kozlov,LFL Engineering,Medium,1:50.744,+0.105,+6.067,Running
6,11,8,-3,Liesje Roser,Dacia Racing Team,Soft,1:50.866,+0.041,+6.109,Running
6,12,9,-3,Sydney Aspen,Villiuride Racing,Medium,1:50.628,+0.009,+6.117,Running
6,13,14,1,Monica Niculescu,Dacia Racing Team,Medium,1:50.683,+0.702,+6.820,Running
6,14,12,-2,Kanno Sora,LFL Engineering,Medium,1:51.997,+1.101,+7.921,Running
6,15,15,0,Aida Haque,Icarus,Soft,1:50.844,+0.984,+8.904,Running
6,16,17,1,Damien Quibuyen,Mercedes AMG Motorsport,Medium,1:51.519,+2.129,+11.033,Running
6,17,16,-1,Clara Longo,Icarus,Medium,1:52.901,+0.050,+11.083,Running
6,18,18,0,Niamh Murphy,Racing Life,Medium,1:50.723,+0.248,+11.331,Running
7,1,1,0,Mark Graham,Trike Motorsports,Soft,1:50.018,-,-,Running
7,2,2,0,Eli Huertez,Pulang Kabayo Racing,Soft,1:50.578,+0.610,+0.610,Running
7,3,3,0,Berend Boer,Shell Motorsports,Soft,1:50.272,+2.326,+2.936,Running
7,4,5,1,Jamar Henry,Trike Motorsports,Soft,1:50.315,+2.112,+5.048,Running
7,5,8,3,Ye Li,Racing Life,Soft,1:49.947,+0.395,+5.442,Running
7,6,7,1,Al Fabet,Villiuride Racing,Soft,1:49.794,+0.050,+5.492,Running
7,7,4,-3,Franc Abel,Shell Motorsports,Hard,1:51.886,+0.862,+6.354,Running
7,8,11,3,Liesje Roser,Dacia Racing Team,Soft,1:50.724,+0.460,+6.814,Running
7,9,6,-3,Ananda Chohan,Mercedes AMG Motorsport,Soft,1:52.019,+0.648,+7.462,Running
7,10,14,4,Kanno Sora,LFL Engineering,Medium,1:49.610,+0.050,+7.512,Running
7,11,9,-2,Fidan Basak,Pulang Kabayo Racing,Medium,1:51.788,+0.105,+7.617,Running
7,12,10,-2,Aleksa Kozlov,LFL Engineering,Medium,1:51.864,+0.065,+7.682,Running
7,13,12,-1,Sydney Aspen,Villiuride Racing,Medium,1:52.028,+0.445,+8.127,Running
7,14,15,1,Aida Haque,Icarus,Soft,1:49.776,+0.535,+8.662,Running
7,15,13,-2,Monica Niculescu,Dacia Racing Team,Medium,1:51.960,+0.100,+8.762,Running
7,16,16,0,Damien Quibuyen,Mercedes AMG Motorsport,Medium,1:51.251,+3.435,+12.197,Running
7,17,17,0,Clara Longo,Icarus,Medium,1:51.182,+0.050,+12.247,Running
7,18,18,0,Niamh Murphy,Racing Life,Medium,1:51.608,+0.675,+12.921,Running
8,1,1,0,Mark Graham,Trike Motorsports,Soft,1:50.591,-,-,Running
8,2,2,0,Eli Huertez,Pulang Kabayo Racing,Soft,1:50.295,+0.314,+0.314,Running
8,3,3,0,Berend Boer,Shell Motorsports,Soft,1:50.172,+2.203,+2.516,Running
8,4,4,0,Jamar Henry,Trike Motorsports,Soft,1:49.628,+1.568,+4.085,Running
8,5,6,1,Al Fabet,Villiuride Racing,Soft,1:49.200,+0.016,+4.101,Running
8,6,7,1,Franc Abel,Shell Motorsports,Hard,1:49.851,+1.513,+5.614,Running
8,7,5,-2,Ye Li,Racing Life,Soft,1:51.562,+0.799,+6.413,Running
8,8,8,0,Liesje Roser,Dacia Racing Team,Soft,1:50.323,+0.133,+6.546,Running
8,9,12,3,Aleksa Kozlov,LFL Engineering,Medium,1:49.696,+0.241,+6.787,Running
8,10,10,0,Kanno Sora,LFL Engineering,Medium,1:50.397,+0.530,+7.317,Running
8,11,13,2,Sydney Aspen,Villiuride Racing,Medium,1:49.831,+0.050,+7.367,Running
8,12,11,-1,Fidan Basak,Pulang Kabayo Racing,Medium,1:50.694,+0.353,+7.720,Running
8,13,9,-4,Ananda Chohan,Mercedes AMG Motorsport,Soft,1:51.559,+0.710,+8.430,Running
8,14,14,0,Aida Haque,Icarus,Soft,1:51.143,+0.142,+8.572,Running
8,15,15,0,Monica Niculescu,Dacia Racing Team,Medium,1:50.452,+0.050,+8.622,Running
8,16,17,1,Clara Longo,Icarus,Medium,1:50.832,+3.865,+12.487,Running
8,17,18,1,Niamh Murphy,Racing Life,Medium,1:51.625,+0.684,+13.171,Running
8,18,16,-2,Damien Quibuyen,Mercedes AMG Motorsport,Medium,1:51.616,+0.050,+13.221,Running
9,1,1,0,Mark Graham,Trike Motorsports,Soft,1:50.762,-,-,Running
9,2,2,0,Eli Huertez,Pulang Kabayo Racing,Soft,1:49.548,+0.050,+0.050,Running
9,3,3,0,Berend Boer,Shell Motorsports,Soft,1:49.687,+2.342,+2.392,Running
9,4,5,1,Al Fabet,Villiuride Racing,Soft,1:50.884,+2.147,+4.539,Running
9,5,4,-1,Jamar Henry,Trike Motorsports,Soft,1:50.316,+0.050,+4.589,Running
9,6,6,0,Franc Abel,Shell Motorsports,Hard,1:50.610,+1.269,+5.858,Running
9,7,7,0,Ye Li,Racing Life,Soft,1:49.307,+0.050,+5.908,Running
9,8,11,3,Sydney Aspen,Villiuride Racing,Medium,1:49.983,+1.631,+7.539,Running
9,9,9,0,Aleksa Kozlov,LFL Engineering,Medium,1:50.932,+0.297,+7.836,Running
9,10,12,2,Fidan Basak,Pulang Kabayo Racing,Medium,1:50.224,+0.021,+7.857,Running
9,11,8,-3,Liesje Roser,Dacia Racing Team,Soft,1:51.151,+0.029,+7.886,Running
9,12,10,-2,Kanno Sora,LFL Engineering,Medium,1:51.196,+0.816,+8.703,Running
9,13,13,0,Ananda Chohan,Mercedes AMG Motorsport,Soft,1:50.270,+0.186,+8.889,Running
9,14,15,1,Monica Niculescu,Dacia Racing Team,Medium,1:52.098,+1.051,+9.940,Running
9,15,14,-1,Aida Haque,Icarus,Soft,1:51.229,+0.050,+9.990,Running
9,16,18,2,Damien Quibuyen,Mercedes AMG Motorsport,Medium,1:50.569,+3.988,+13.978,Running
9,17,17,0,Niamh Murphy,Racing Life,Medium,1:51.272,+0.653,+14.632,Running
9,18,16,-2,Clara Longo,Icarus,Medium,1:52.320,+0.364,+14.996,Running
10,1,1,0,Mark Graham,Trike Motorsports,Soft,1:49.608,-,-,Running
10,2,2,0,Eli Huertez,Pulang Kabayo Racing,Soft,1:52.145,+1.734,+1.734,Running
10,3,3,0,Berend Boer,Shell Motorsports,Soft,1:48.999,+0.050,+1.784,Running
10,4,4,0,Al Fabet,Villiuride Racing,Soft,1:51.029,+3.609,+5.393,Running
10,5,5,0,Jamar Henry,Trike Motorsports,Soft,1:50.461,+0.050,+5.443,Running
10,6,6,0,Franc Abel,Shell Motorsports,Hard,1:51.193,+0.934,+6.377,Running
10,7,7,0,Ye Li,Racing Life,Soft,1:50.126,+0.050,+6.427,Running
10,8,8,0,Sydney Aspen,Villiuride Racing,Medium,1:50.259,+1.763,+8.190,Running
10,9,11,2,Liesje Roser,Dacia Racing Team,Soft,1:50.035,+0.123,+8.313,Running
10,10,9,-1,Aleksa Kozlov,LFL Engineering,Medium,1:50.495,+0.411,+8.724,Running
10,11,10,-1,Fidan Basak,Pulang Kabayo Racing,Medium,1:52.084,+1.240,+9.963,Running
10,12,13,1,Ananda Chohan,Mercedes AMG Motorsport,Soft,1:50.732,+0.050,+10.013,Running
10,13,12,-1,Kanno Sora,LFL Engineering,Medium,1:51.439,+0.520,+10.533,Running
10,14,14,0,Monica Niculescu,Dacia Racing Team,Medium,1:52.316,+1.466,+11.999,Running
10,15,15,0,Aida Haque,Icarus,Soft,1:51.667,+0.050,+12.049,Running
10,16,16,0,Damien Quibuyen,Mercedes AMG Motorsport,Medium,1:50.326,+2.648,+14.696,Running
10,17,17,0,Niamh Murphy,Racing Life,Medium,1:51.599,+1.926,+16.623,Running
10,18,18,0,Clara Longo,Icarus,Medium,1:51.943,+0.709,+17.331,Running
11,1,1,0,Mark Graham,Trike Motorsports,Soft,1:49.784,-,-,Running
11,2,2,0,Eli Huertez,Pulang Kabayo Racing,Soft,1:49.038,+0.988,+0.988,Running
11,3,3,0,Berend Boer,Shell Motorsports,Soft,1:50.745,+1.757,+2.745,Running
11,4,7,3,Ye Li,Racing Life,Soft,1:50.138,+3.048,+5.793,Running
11,5,4,-1,Al Fabet,Villiuride Racing,Soft,1:50.233,+0.050,+5.843,Running
11,6,6,0,Franc Abel,Shell Motorsports,Hard,1:51.948,+1.548,+7.391,Running
11,7,5,-2,Jamar Henry,Trike Motorsports,Soft,1:51.782,+0.050,+7.441,Running
11,8,10,2,Aleksa Kozlov,LFL Engineering,Medium,1:50.626,+1.050,+8.491,Running
11,9,8,-1,Sydney Aspen,Villiuride Racing,Medium,1:52.607,+1.985,+10.476,Running
11,10,9,-1,Liesje Roser,Dacia Racing Team,Soft,1:51.996,+0.050,+10.526,Running
11,11,11,0,Fidan Basak,Pulang Kabayo Racing,Medium,1:51.489,+0.437,+10.963,Running
11,12,14,2,Monica Niculescu,Dacia Racing Team,Medium,1:50.148,+0.656,+11.619,Running
11,13,15,2,Aida Haque,Icarus,Soft,1:50.699,+0.695,+12.313,Running
11,14,13,-1,Kanno Sora,LFL Engineering,Medium,1:52.239,+0.600,+12.914,Running
11,15,16,1,Damien Quibuyen,Mercedes AMG Motorsport,Medium,1:49.837,+1.836,+14.750,Running
11,16,17,1,Niamh Murphy,Racing Life,Medium,1:49.887,+1.976,+16.726,Running
11,17,18,1,Clara Longo,Icarus,Medium,1:50.808,+1.630,+18.356,Running
11,18,12,-6,Ananda Chohan,Mercedes AMG Motorsport,Hard,1:50.694,+14.568,+32.924,Running
12,1,1,0,Mark Graham,Trike Motorsports,Soft,1:49.572,-,-,Running
12,2,3,1,Berend Boer,Shell Motorsports,Soft,1:49.152,+2.325,+2.325,Running
12,3,2,-1,Eli Huertez,Pulang Kabayo Racing,Soft,1:51.143,+0.234,+2.559,Running
12,4,4,0,Ye Li,Racing Life,Soft,1:50.096,+3.758,+6.316,Running
12,5,5,0,Al Fabet,Villiuride Racing,Soft,1:50.192,+0.147,+6.463,Running
12,6,7,1,Jamar Henry,Trike Motorsports,Soft,1:49.021,+0.427,+6.890,Running
12,7,6,-1,Franc Abel,Shell Motorsports,Hard,1:50.798,+1.727,+8.617,Running
12,8,8,0,Aleksa Kozlov,LFL Engineering,Medium,1:50.511,+0.813,+9.430,Running
12,9,9,0,Sydney Aspen,Villiuride Racing,Medium,1:51.130,+1.570,+11.000,Running
12,10,11,1,Fidan Basak,Pulang Kabayo Racing,Medium,1:49.659,+0.050,+11.050,Running
12,11,10,-1,Liesje Roser,Dacia Racing Team,Soft,1:51.493,+1.396,+12.446,Running
12,12,13,1,Aida Haque,Icarus,Soft,1:50.035,+0.330,+12.777,Running
12,13,14,1,Kanno Sora,LFL Engineering,Medium,1:50.960,+0.648,+13.424,Running
12,14,12,-2,Monica Niculescu,Dacia Racing Team,Medium,1:51.428,+0.050,+13.474,Running
12,15,15,0,Damien Quibuyen,Mercedes AMG Motorsport,Medium,1:50.175,+0.778,+14.252,Running
12,16,17,1,Clara Longo,Icarus,Medium,1:50.722,+4.919,+19.172,Running
12,17,16,-1,Niamh Murphy,Racing Life,Medium,1:52.067,+0.050,+19.222,Running
12,18,18,0,Ananda Chohan,Mercedes AMG Motorsport,Hard,1:50.799,+14.930,+34.151,Running
13,1,1,0,Mark Graham,Trike Motorsports,Soft,1:50.278,-,-,Running
13,2,3,1,Eli Huertez,Pulang Kabayo Racing,Soft,1:49.891,+2.172,+2.172,Running
13,3,2,-1,Berend Boer,Shell Motorsports,Soft,1:51.853,+1.728,+3.899,Running
13,4,4,0,Ye Li,Racing Life,Soft,1:51.549,+3.687,+7.587,Running
13,5,5,0,Al Fabet,Villiuride Racing,Soft,1:51.867,+0.169,+7.756,Running
13,6,6,0,Jamar Henry,Trike Motorsports,Soft,1:51.194,+0.050,+7.806,Running
13,7,8,1,Aleksa Kozlov,LFL Engineering,Medium,1:51.044,+1.909,+9.715,Running
13,8,7,-1,Franc Abel,Shell Motorsports,Hard,1:51.427,+0.050,+9.765,Running
13,9,10,1,Fidan Basak,Pulang Kabayo Racing,Medium,1:50.438,+0.381,+10.146,Running
13,10,9,-1,Sydney Aspen,Villiuride Racing,Medium,1:51.159,+1.736,+11.881,Running
13,11,12,1,Aida Haque,Icarus,Soft,1:50.580,+1.197,+13.078,Running
13,12,14,2,Monica Niculescu,Dacia Racing Team,Medium,1:51.033,+0.220,+13.298,Running
13,13,11,-2,Liesje Roser,Dacia Racing Team,Soft,1:51.140,+0.010,+13.308,Running
13,14,13,-1,Kanno Sora,LFL Engineering,Medium,1:50.202,+0.040,+13.348,Running
13,15,15,0,Damien Quibuyen,Mercedes AMG Motorsport,Medium,1:50.508,+0.831,+14.179,Running
13,16,17,1,Niamh Murphy,Racing Life,Medium,1:50.563,+5.327,+19.506,Running
13,17,16,-1,Clara Longo,Icarus,Medium,1:51.224,+0.612,+20.118,Running
13,18,18,0,Ananda Chohan,Mercedes AMG Motorsport,Hard,1:51.909,+15.664,+35.782,Running
14,1,1,0,Mark Graham,Trike Motorsports,Soft,1:52.238,-,-,Running
14,2,2,0,Eli Huertez,Pulang Kabayo Racing,Soft,1:51.323,+1.256,+1.256,Running
14,3,3,0,Berend Boer,Shell Motorsports,Soft,1:51.303,+1.707,+2.964,Running
14,4,4,0,Ye Li,Racing Life,Soft,1:52.289,+3.801,+6.765,Running
14,5,6,1,Jamar Henry,Trike Motorsports,Soft,1:51.247,+0.050,+6.815,Running
14,6,8,2,Franc Abel,Shell Motorsports,Hard,1:51.430,+1.429,+8.245,Running
14,7,9,2,Fidan Basak,Pulang Kabayo Racing,Medium,1:50.385,+0.047,+8.292,Running
14,8,7,-1,Aleksa Kozlov,LFL Engineering,Medium,1:50.818,+0.003,+8.295,Running
14,9,12,3,Monica Niculescu,Dacia Racing Team,Medium,1:49.872,+2.637,+10.932,Running
14,10,14,4,Kanno Sora,LFL Engineering,Medium,1:50.712,+0.890,+11.822,Running
14,11,10,-1,Sydney Aspen,Villiuride Racing,Medium,1:52.193,+0.015,+11.836,Running
14,12,11,-1,Aida Haque,Icarus,Soft,1:51.347,+0.351,+12.187,Running
14,13,15,2,Damien Quibuyen,Mercedes AMG Motorsport,Medium,1:50.876,+0.629,+12.817,Running
14,14,16,2,Niamh Murphy,Racing Life,Medium,1:52.495,+6.204,+19.021,Running
14,15,17,2,Clara Longo,Icarus,Medium,1:51.192,+0.050,+19.071,Running
14,16,5,-11,Al Fabet,Villiuride Racing,Medium,1:49.973,+8.420,+27.491,Running
14,17,13,-4,Liesje Roser,Dacia Racing Team,Soft,1:49.461,+5.039,+32.530,Running
14,18,18,0,Ananda Chohan,Mercedes AMG Motorsport,Hard,1:50.230,+1.243,+33.774,Running
15,1,1,0,Mark Graham,Trike Motorsports,Soft,1:51.996,-,-,Running
15,2,2,0,Eli Huertez,Pulang Kabayo Racing,Soft,1:51.940,+1.201,+1.201,Running
15,3,5,2,Jamar Henry,Trike Motorsports,Soft,1:51.272,+4.699,+5.900,Running
15,4,4,0,Ye Li,Racing Life,Soft,1:51.181,+0.050,+5.950,Running
15,5,6,1,Franc Abel,Shell Motorsports,Hard,1:50.246,+0.545,+6.495,Running
15,6,7,1,Fidan Basak,Pulang Kabayo Racing,Medium,1:50.430,+0.231,+6.726,Running
15,7,8,1,Aleksa Kozlov,LFL Engineering,Medium,1:51.801,+1.374,+8.100,Running
15,8,9,1,Monica Niculescu,Dacia Racing Team,Medium,1:50.143,+0.978,+9.079,Running
15,9,13,4,Damien Quibuyen,Mercedes AMG Motorsport,Medium,1:50.261,+2.003,+11.082,Running
15,10,10,0,Kanno Sora,LFL Engineering,Medium,1:51.800,+0.129,+11.211,Running
15,11,11,0,Sydney Aspen,Villiuride Racing,Medium,1:51.420,+0.050,+11.261,Running
15,12,14,2,Niamh Murphy,Racing Life,Medium,1:52.034,+7.799,+19.060,Running
15,13,15,2,Clara Longo,Icarus,Medium,1:52.204,+0.220,+19.280,Running
15,14,16,2,Al Fabet,Villiuride Racing,Medium,1:49.480,+5.199,+24.478,Running
15,15,3,-12,Berend Boer,Shell Motorsports,Soft,1:51.560,+0.050,+24.528,Running
15,16,17,1,Liesje Roser,Dacia Racing Team,Soft,1:51.179,+7.186,+31.714,Running
15,17,12,-5,Aida Haque,Icarus,Medium,1:50.315,+0.275,+31.989,Running
15,18,18,0,Ananda Chohan,Mercedes AMG Motorsport,Hard,1:50.261,+0.050,+32.039,Running
16,1,1,0,Mark Graham,Trike Motorsports,Soft,1:49.874,-,-,Running
16,2,3,1,Jamar Henry,Trike Motorsports,Soft,1:50.365,+6.392,+6.392,Running
16,3,4,1,Ye Li,Racing Life,Soft,1:51.042,+0.606,+6.998,Running
16,4,5,1,Franc Abel,Shell Motorsports,Hard,1:50.427,+0.050,+7.048,Running
16,5,6,1,Fidan Basak,Pulang Kabayo Racing,Medium,1:50.847,+0.020,+7.069,Running
16,6,8,2,Monica Niculescu,Dacia Racing Team,Medium,1:50.864,+1.873,+8.942,Running
16,7,7,0,Aleksa Kozlov,LFL Engineering,Medium,1:50.765,+0.050,+8.992,Running
16,8,10,2,Kanno Sora,LFL Engineering,Medium,1:50.568,+2.287,+11.279,Running
16,9,11,2,Sydney Aspen,Villiuride Racing,Medium,1:49.941,+0.050,+11.329,Running
16,10,9,-1,Damien Quibuyen,Mercedes AMG Motorsport,Medium,1:50.777,+0.656,+11.985,Running
16,11,13,2,Clara Longo,Icarus,Medium,1:50.325,+7.746,+19.731,Running
16,12,12,0,Niamh Murphy,Racing Life,Medium,1:52.345,+1.801,+21.531,Running
16,13,2,-11,Eli Huertez,Pulang Kabayo Racing,Medium,1:52.069,+3.622,+25.154,Running
16,14,15,1,Berend Boer,Shell Motorsports,Soft,1:50.549,+0.050,+25.204,Running
16,15,14,-1,Al Fabet,Villiuride Racing,Medium,1:51.079,+0.480,+25.683,Running
16,16,17,1,Aida Haque,Icarus,Medium,1:50.928,+6.159,+31.843,Running
16,17,16,-1,Liesje Roser,Dacia Racing Team,Soft,1:50.052,+0.050,+31.893,Running
16,18,18,0,Ananda Chohan,Mercedes AMG Motorsport,Hard,1:52.103,+2.376,+34.269,Running
17,1,4,3,Franc Abel,Shell Motorsports,Hard,1:51.832,-,-,Running
17,2,5,3,Fidan Basak,Pulang Kabayo Racing,Medium,1:51.206,+0.050,+0.050,Running
17,3,7,4,Aleksa Kozlov,LFL Engineering,Medium,1:50.755,+1.472,+1.522,Running
17,4,6,2,Monica Niculescu,Dacia Racing Team,Medium,1:50.954,+0.148,+1.671,Running
17,5,9,4,Sydney Aspen,Villiuride Racing,Medium,1:49.690,+1.124,+2.794,Running
17,6,10,4,Damien Quibuyen,Mercedes AMG Motorsport,Medium,1:52.079,+2.399,+5.194,Running
17,7,8,1,Kanno Sora,LFL Engineering,Medium,1:52.190,+0.050,+5.244,Running
17,8,11,3,Clara Longo,Icarus,Medium,1:51.917,+8.179,+13.423,Running
17,9,1,-8,Mark Graham,Trike Motorsports,Medium,1:51.313,+1.666,+15.088,Running
17,10,12,2,Niamh Murphy,Racing Life,Medium,1:52.056,+0.274,+15.362,Running
17,11,15,4,Al Fabet,Villiuride Racing,Medium,1:51.187,+3.283,+18.645,Running
17,12,13,1,Eli Huertez,Pulang Kabayo Racing,Medium,1:52.301,+0.053,+18.698,Running
17,13,14,1,Berend Boer,Shell Motorsports,Soft,1:51.770,+0.050,+18.748,Running
17,14,3,-11,Ye Li,Racing Life,Medium,1:50.667,+2.692,+21.441,Running
17,15,2,-13,Jamar Henry,Trike Motorsports,Medium,1:51.454,+0.181,+21.622,Running
17,16,16,0,Aida Haque,Icarus,Medium,1:49.639,+1.635,+23.257,Running
17,17,17,0,Liesje Roser,Dacia Racing Team,Soft,1:51.711,+2.122,+25.379,Running
17,18,18,0,Ananda Chohan,Mercedes AMG Motorsport,Hard,1:51.176,+1.841,+27.219,Running
18,1,1,0,Franc Abel,Shell Motorsports,Hard,1:50.626,-,-,Running
18,2,2,0,Fidan Basak,Pulang Kabayo Racing,Medium,1:51.824,+1.103,+1.103,Running
18,3,4,1,Monica Niculescu,Dacia Racing Team,Medium,1:50.109,+0.050,+1.153,Running
18,4,3,-1,Aleksa Kozlov,LFL Engineering,Medium,1:51.849,+1.592,+2.745,Running
18,5,7,2,Kanno Sora,LFL Engineering,Medium,1:50.294,+1.174,+3.919,Running
18,6,5,-1,Sydney Aspen,Villiuride Racing,Medium,1:51.801,+0.050,+3.969,Running
18,7,6,-1,Damien Quibuyen,Mercedes AMG Motorsport,Medium,1:51.423,+2.022,+5.991,Running
18,8,8,0,Clara Longo,Icarus,Medium,1:49.825,+6.630,+12.621,Running
18,9,9,0,Mark Graham,Trike Motorsports,Medium,1:50.113,+1.954,+14.575,Running
18,10,10,0,Niamh Murphy,Racing Life,Medium,1:51.641,+1.802,+16.377,Running
18,11,12,1,Eli Huertez,Pulang Kabayo Racing,Medium,1:50.469,+1.922,+18.299,Running
18,12,13,1,Berend Boer,Shell Motorsports,Soft,1:50.226,+0.050,+18.349,Running
18,13,11,-2,Al Fabet,Villiuride Racing,Medium,1:51.091,+0.762,+19.110,Running
18,14,14,0,Ye Li,Racing Life,Medium,1:51.554,+3.045,+22.156,Running
18,15,16,1,Aida Haque,Icarus,Medium,1:49.575,+0.050,+22.206,Running
18,16,15,-1,Jamar Henry,Trike Motorsports,Medium,1:51.485,+0.275,+22.481,Running
18,17,17,0,Liesje Roser,Dacia Racing Team,Soft,1:50.695,+2.967,+25.448,Running
18,18,18,0,Ananda Chohan,Mercedes AMG Motorsport,Hard,1:50.741,+1.886,+27.334,Running
19,1,1,0,Franc Abel,Shell Motorsports,Hard,1:49.796,-,-,Running
19,2,3,1,Monica Niculescu,Dacia Racing Team,Medium,1:51.648,+2.516,+2.516,Running
19,3,2,-1,Fidan Basak,Pulang Kabayo Racing,Medium,1:51.259,+0.050,+2.566,Running
19,4,5,1,Kanno Sora,LFL Engineering,Medium,1:50.322,+1.879,+4.445,Running
19,5,6,1,Sydney Aspen,Villiuride Racing,Medium,1:51.294,+1.022,+5.467,Running
19,6,7,1,Damien Quibuyen,Mercedes AMG Motorsport,Medium,1:50.316,+1.043,+6.510,Running
19,7,9,2,Mark Graham,Trike Motorsports,Medium,1:51.187,+9.051,+15.561,Running
19,8,8,0,Clara Longo,Icarus,Medium,1:52.786,+0.050,+15.611,Running
19,9,10,1,Niamh Murphy,Racing Life,Medium,1:50.479,+0.305,+15.916,Running
19,10,12,2,Berend Boer,Shell Motorsports,Soft,1:50.028,+2.664,+18.580,Running
19,11,13,2,Al Fabet,Villiuride Racing,Medium,1:50.592,+1.325,+19.905,Running
19,12,11,-1,Eli Huertez,Pulang Kabayo Racing,Medium,1:51.436,+0.033,+19.938,Running
19,13,15,2,Aida Haque,Icarus,Medium,1:51.138,+2.693,+22.631,Running
19,14,16,2,Jamar Henry,Trike Motorsports,Medium,1:49.997,+0.050,+22.681,Running
19,15,14,-1,Ye Li,Racing Life,Medium,1:52.098,+0.816,+23.498,Running
19,16,4,-12,Aleksa Kozlov,LFL Engineering,Hard,1:50.404,+1.855,+25.353,Running
19,17,17,0,Liesje Roser,Dacia Racing Team,Soft,1:50.195,+0.493,+25.846,Running
19,18,18,0,Ananda Chohan,Mercedes AMG Motorsport,Hard,1:51.320,+3.012,+28.858,Running
20,1,1,0,Franc Abel,Shell Motorsports,Hard,1:50.859,-,-,Running
20,2,2,0,Monica Niculescu,Dacia Racing Team,Medium,1:51.606,+3.263,+3.263,Running
20,3,4,1,Kanno Sora,LFL Engineering,Medium,1:49.789,+0.112,+3.375,Running
20,4,3,-1,Fidan Basak,Pulang Kabayo Racing,Medium,1:52.035,+0.366,+3.741,Running
20,5,5,0,Sydney Aspen,Villiuride Racing,Medium,1:50.479,+1.345,+5.087,Running
20,6,9,3,Niamh Murphy,Racing Life,Medium,1:51.105,+10.977,+16.064,Running
20,7,7,0,Mark Graham,Trike Motorsports,Medium,1:51.413,+0.050,+16.114,Running
20,8,10,2,Berend Boer,Shell Motorsports,Soft,1:49.619,+1.136,+17.250,Running
20,9,8,-1,Clara Longo,Icarus,Medium,1:52.549,+0.050,+17.300,Running
20,10,11,1,Al Fabet,Villiuride Racing,Medium,1:51.082,+2.827,+20.128,Running
20,11,12,1,Eli Huertez,Pulang Kabayo Racing,Medium,1:51.411,+0.362,+20.490,Running
20,12,14,2,Jamar Henry,Trike Motorsports,Medium,1:49.926,+1.259,+21.748,Running
20,13,15,2,Ye Li,Racing Life,Medium,1:51.168,+0.855,+22.603,Running
20,14,13,-1,Aida Haque,Icarus,Medium,1:50.881,+0.050,+22.653,Running
20,15,16,1,Aleksa Kozlov,LFL Engineering,Hard,1:51.116,+2.551,+25.204,Running
20,16,17,1,Liesje Roser,Dacia Racing Team,Soft,1:50.267,+0.050,+25.254,Running
20,17,18,1,Ananda Chohan,Mercedes AMG Motorsport,Hard,1:51.926,+4.474,+29.728,Running
20,18,6,-12,Damien Quibuyen,Mercedes AMG Motorsport,Soft,1:52.127,+0.050,+29.778,Running
21,1,1,0,Franc Abel,Shell Motorsports,Hard,1:51.128,-,-,Running
21,2,2,0,Monica Niculescu,Dacia Racing Team,Medium,1:51.680,+3.816,+3.816,Running
21,3,5,2,Sydney Aspen,Villiuride Racing,Medium,1:50.266,+0.410,+4.225,Running
21,4,3,-1,Kanno Sora,LFL Engineering,Medium,1:52.048,+0.070,+4.295,Running
21,5,4,-1,Fidan Basak,Pulang Kabayo Racing,Medium,1:51.721,+0.039,+4.334,Running
21,6,8,2,Berend Boer,Shell Motorsports,Soft,1:49.135,+10.923,+15.258,Running
21,7,7,0,Mark Graham,Trike Motorsports,Medium,1:50.887,+0.615,+15.873,Running
21,8,6,-2,Niamh Murphy,Racing Life,Medium,1:51.236,+0.299,+16.172,Running
21,9,9,0,Clara Longo,Icarus,Medium,1:51.361,+1.362,+17.534,Running
21,10,11,1,Eli Huertez,Pulang Kabayo Racing,Medium,1:50.729,+2.557,+20.091,Running
21,11,12,1,Jamar Henry,Trike Motorsports,Medium,1:49.973,+0.340,+20.431,Running
21,12,10,-2,Al Fabet,Villiuride Racing,Medium,1:51.481,+0.050,+20.481,Running
21,13,13,0,Ye Li,Racing Life,Medium,1:51.096,+0.999,+21.480,Running
21,14,14,0,Aida Haque,Icarus,Medium,1:50.005,+0.050,+21.530,Running
21,15,16,1,Liesje Roser,Dacia Racing Team,Soft,1:51.023,+3.619,+25.149,Running
21,16,15,-1,Aleksa Kozlov,LFL Engineering,Hard,1:51.740,+0.667,+25.816,Running
21,17,18,1,Damien Quibuyen,Mercedes AMG Motorsport,Soft,1:51.800,+4.634,+30.451,Running
21,18,17,-1,Ananda Chohan,Mercedes AMG Motorsport,Hard,1:52.244,+0.393,+30.844,Running
22,1,1,0,Franc Abel,Shell Motorsports,Hard,1:51.118,-,-,Running
22,2,3,1,Sydney Aspen,Villiuride Racing,Medium,1:50.379,+3.486,+3.486,Running
22,3,5,2,Fidan Basak,Pulang Kabayo Racing,Medium,1:50.484,+0.214,+3.700,Running
22,4,6,2,Berend Boer,Shell Motorsports,Soft,1:50.470,+10.910,+14.611,Running
22,5,7,2,Mark Graham,Trike Motorsports,Medium,1:50.500,+0.645,+15.255,Running
22,6,11,5,Jamar Henry,Trike Motorsports,Medium,1:50.699,+4.757,+20.012,Running
22,7,10,3,Eli Huertez,Pulang Kabayo Racing,Medium,1:52.185,+0.679,+20.691,Running
22,8,13,5,Ye Li,Racing Life,Medium,1:50.367,+0.038,+20.729,Running
22,9,12,3,Al Fabet,Villiuride Racing,Medium,1:51.378,+0.012,+20.741,Running
22,10,14,4,Aida Haque,Icarus,Medium,1:50.899,+0.569,+21.311,Running
22,11,15,4,Liesje Roser,Dacia Racing Team,Soft,1:50.429,+3.150,+24.461,Running
22,12,16,4,Aleksa Kozlov,LFL Engineering,Hard,1:51.321,+1.559,+26.020,Running
22,13,2,-11,Monica Niculescu,Dacia Racing Team,Hard,1:52.417,+0.269,+26.288,Running
22,14,4,-10,Kanno Sora,LFL Engineering,Hard,1:51.161,+0.050,+26.338,Running
22,15,17,2,Damien Quibuyen,Mercedes AMG Motorsport,Soft,1:50.338,+3.333,+29.671,Running
22,16,18,2,Ananda Chohan,Mercedes AMG Motorsport,Hard,1:51.868,+1.923,+31.594,Running
22,17,8,-9,Niamh Murphy,Racing Life,Hard,1:51.270,+6.731,+38.324,Running
22,18,9,-9,Clara Longo,Icarus,Hard,1:52.653,+2.744,+41.069,Running
23,1,1,0,Franc Abel,Shell Motorsports,Hard,1:52.011,-,-,Running
23,2,2,0,Sydney Aspen,Villiuride Racing,Medium,1:51.329,+2.805,+2.805,Running
23,3,5,2,Mark Graham,Trike Motorsports,Medium,1:50.425,+10.865,+13.670,Running
23,4,4,0,Berend Boer,Shell Motorsports,Soft,1:51.217,+0.147,+13.817,Running
23,5,6,1,Jamar Henry,Trike Motorsports,Medium,1:51.585,+5.616,+19.433,Running
23,6,8,2,Ye Li,Racing Life,Medium,1:50.764,+0.050,+19.483,Running
23,7,10,3,Aida Haque,Icarus,Medium,1:50.455,+0.272,+19.755,Running
23,8,9,1,Al Fabet,Villiuride Racing,Medium,1:51.293,+0.269,+20.024,Running
23,9,7,-2,Eli Huertez,Pulang Kabayo Racing,Medium,1:52.066,+0.723,+20.747,Running
23,10,11,1,Liesje Roser,Dacia Racing Team,Soft,1:49.511,+1.214,+21.961,Running
23,11,3,-8,Fidan Basak,Pulang Kabayo Racing,Hard,1:50.884,+2.368,+24.328,Running
23,12,12,0,Aleksa Kozlov,LFL Engineering,Hard,1:50.369,+0.050,+24.378,Running
23,13,13,0,Monica Niculescu,Dacia Racing Team,Hard,1:51.397,+0.146,+24.524,Running
23,14,14,0,Kanno Sora,LFL Engineering,Hard,1:52.060,+1.864,+26.388,Running
23,15,15,0,Damien Quibuyen,Mercedes AMG Motorsport,Soft,1:51.219,+2.492,+28.880,Running
23,16,16,0,Ananda Chohan,Mercedes AMG Motorsport,Hard,1:52.378,+3.082,+31.961,Running
23,17,17,0,Niamh Murphy,Racing Life,Hard,1:51.557,+5.909,+37.871,Running
23,18,18,0,Clara Longo,Icarus,Hard,1:51.917,+3.104,+40.975,Running
24,1,1,0,Franc Abel,Shell Motorsports,Hard,1:50.661,-,-,Running
24,2,2,0,Sydney Aspen,Villiuride Racing,Medium,1:51.738,+3.882,+3.882,Running
24,3,4,1,Berend Boer,Shell Motorsports,Soft,1:50.127,+9.401,+13.283,Running
24,4,3,-1,Mark Graham,Trike Motorsports,Medium,1:51.496,+1.221,+14.504,Running
24,5,5,0,Jamar Henry,Trike Motorsports,Medium,1:50.087,+4.354,+18.858,Running
24,6,8,2,Al Fabet,Villiuride Racing,Medium,1:51.636,+1.623,+20.481,Running
24,7,7,0,Aida Haque,Icarus,Medium,1:51.437,+0.050,+20.531,Running
24,8,9,1,Eli Huertez,Pulang Kabayo Racing,Medium,1:51.494,+1.049,+21.580,Running
24,9,6,-3,Ye Li,Racing Life,Medium,1:52.787,+0.028,+21.608,Running
24,10,10,0,Liesje Roser,Dacia Racing Team,Soft,1:50.387,+0.079,+21.687,Running
24,11,12,1,Aleksa Kozlov,LFL Engineering,Hard,1:50.582,+2.613,+24.299,Running
24,12,11,-1,Fidan Basak,Pulang Kabayo Racing,Hard,1:50.816,+0.183,+24.483,Running
24,13,14,1,Kanno Sora,LFL Engineering,Hard,1:50.019,+0.078,+24.561,Running
24,14,13,-1,Monica Niculescu,Dacia Racing Team,Hard,1:50.748,+0.050,+24.611,Running
24,15,15,0,Damien Quibuyen,Mercedes AMG Motorsport,Soft,1:51.654,+5.262,+29.873,Running
24,16,16,0,Ananda Chohan,Mercedes AMG Motorsport,Hard,1:50.868,+2.295,+32.168,Running
24,17,17,0,Niamh Murphy,Racing Life,Hard,1:52.342,+7.384,+39.551,Running
24,18,18,0,Clara Longo,Icarus,Hard,1:50.949,+1.712,+41.263,Running
25,1,1,0,Franc Abel,Shell Motorsports,Hard,1:52.692,-,-,Running
25,2,2,0,Sydney Aspen,Villiuride Racing,Medium,1:52.687,+3.876,+3.876,Running
25,3,3,0,Berend Boer,Shell Motorsports,Soft,1:49.819,+6.533,+10.409,Running
25,4,4,0,Mark Graham,Trike Motorsports,Medium,1:51.345,+2.747,+13.157,Running
25,5,5,0,Jamar Henry,Trike Motorsports,Medium,1:51.303,+4.312,+17.469,Running
25,6,6,0,Al Fabet,Villiuride Racing,Medium,1:49.866,+0.186,+17.655,Running
25,7,10,3,Liesje Roser,Dacia Racing Team,Soft,1:50.135,+1.125,+18.780,Running
25,8,8,0,Eli Huertez,Pulang Kabayo Racing,Medium,1:49.942,+0.050,+18.830,Running
25,9,7,-2,Aida Haque,Icarus,Medium,1:52.610,+1.618,+20.448,Running
25,10,9,-1,Ye Li,Racing Life,Medium,1:52.228,+0.696,+21.145,Running
25,11,13,2,Kanno Sora,LFL Engineering,Hard,1:50.550,+0.868,+22.013,Running
25,12,11,-1,Aleksa Kozlov,LFL Engineering,Hard,1:50.456,+0.050,+22.063,Running
25,13,12,-1,Fidan Basak,Pulang Kabayo Racing,Hard,1:51.525,+1.253,+23.315,Running
25,14,14,0,Monica Niculescu,Dacia Racing Team,Hard,1:51.536,+0.139,+23.454,Running
25,15,15,0,Damien Quibuyen,Mercedes AMG Motorsport,Soft,1:51.554,+5.280,+28.734,Running
25,16,16,0,Ananda Chohan,Mercedes AMG Motorsport,Hard,1:52.255,+2.997,+31.731,Running
25,17,17,0,Niamh Murphy,Racing Life,Hard,1:52.054,+7.183,+38.914,Running
25,18,18,0,Clara Longo,Icarus,Hard,1:51.684,+1.342,+40.255,Running
26,1,1,0,Franc Abel,Shell Motorsports,Hard,1:51.168,-,-,Running
26,2,3,1,Berend Boer,Shell Motorsports,Soft,1:51.285,+10.526,+10.526,Running
26,3,4,1,Mark Graham,Trike Motorsports,Medium,1:51.701,+3.164,+13.690,Running
26,4,5,1,Jamar Henry,Trike Motorsports,Medium,1:50.861,+3.472,+17.162,Running
26,5,6,1,Al Fabet,Villiuride Racing,Medium,1:51.831,+1.020,+18.182,Running
26,6,7,1,Liesje Roser,Dacia Racing Team,Soft,1:50.620,+0.050,+18.232,Running
26,7,8,1,Eli Huertez,Pulang Kabayo Racing,Medium,1:50.873,+0.036,+18.268,Running
26,8,9,1,Aida Haque,Icarus,Medium,1:50.602,+1.614,+19.882,Running
26,9,11,2,Kanno Sora,LFL Engineering,Hard,1:50.496,+1.390,+21.272,Running
26,10,12,2,Aleksa Kozlov,LFL Engineering,Hard,1:50.427,+0.050,+21.322,Running
26,11,10,-1,Ye Li,Racing Life,Medium,1:51.952,+0.607,+21.929,Running
26,12,13,1,Fidan Basak,Pulang Kabayo Racing,Hard,1:50.865,+1.084,+23.013,Running
26,13,14,1,Monica Niculescu,Dacia Racing Team,Hard,1:52.890,+2.164,+25.177,Running
26,14,2,-12,Sydney Aspen,Villiuride Racing,Hard,1:51.085,+0.617,+25.794,Running
26,15,15,0,Damien Quibuyen,Mercedes AMG Motorsport,Soft,1:50.098,+1.870,+27.664,Running
26,16,16,0,Ananda Chohan,Mercedes AMG Motorsport,Hard,1:52.171,+5.071,+32.735,Running
26,17,18,1,Clara Longo,Icarus,Hard,1:52.196,+7.685,+40.420,Running
26,18,17,-1,Niamh Murphy,Racing Life,Hard,1:52.724,+0.050,+40.470,Running
27,1,1,0,Franc Abel,Shell Motorsports,Hard,1:51.031,-,-,Running
27,2,2,0,Berend Boer,Shell Motorsports,Soft,1:51.497,+10.992,+10.992,Running
27,3,3,0,Mark Graham,Trike Motorsports,Medium,1:51.448,+3.115,+14.107,Running
27,4,4,0,Jamar Henry,Trike Motorsports,Medium,1:51.152,+3.176,+17.284,Running
27,5,6,1,Liesje Roser,Dacia Racing Team,Soft,1:51.428,+1.235,+18.519,Running
27,6,7,1,Eli Huertez,Pulang Kabayo Racing,Medium,1:51.332,+0.050,+18.569,Running
27,7,8,1,Aida Haque,Icarus,Medium,1:50.991,+0.527,+19.096,Running
27,8,5,-3,Al Fabet,Villiuride Racing,Medium,1:51.994,+0.050,+19.146,Running
27,9,9,0,Kanno Sora,LFL Engineering,Hard,1:50.685,+0.647,+19.793,Running
27,10,11,1,Ye Li,Racing Life,Medium,1:50.111,+1.216,+21.009,Running
27,11,10,-1,Aleksa Kozlov,LFL Engineering,Hard,1:51.199,+0.482,+21.491,Running
27,12,12,0,Fidan Basak,Pulang Kabayo Racing,Hard,1:49.993,+0.485,+21.975,Running
27,13,14,1,Sydney Aspen,Villiuride Racing,Hard,1:50.211,+2.998,+24.974,Running
27,14,13,-1,Monica Niculescu,Dacia Racing Team,Hard,1:52.426,+1.598,+26.572,Running
27,15,15,0,Damien Quibuyen,Mercedes AMG Motorsport,Soft,1:50.328,+0.389,+26.961,Running
27,16,16,0,Ananda Chohan,Mercedes AMG Motorsport,Hard,1:51.645,+6.389,+33.350,Running
27,17,18,1,Niamh Murphy,Racing Life,Hard,1:51.411,+7.500,+40.850,Running
27,18,17,-1,Clara Longo,Icarus,Hard,1:52.196,+7.685,+40.420,Mechanical failure on lap 27
28,1,1,0,Franc Abel,Shell Motorsports,Hard,1:51.103,-,-,Running
28,2,2,0,Berend Boer,Shell Motorsports,Soft,1:50.354,+10.243,+10.243,Running
28,3,3,0,Mark Graham,Trike Motorsports,Medium,1:50.440,+3.201,+13.444,Running
28,4,8,4,Al Fabet,Villiuride Racing,Medium,1:50.605,+4.532,+17.976,Running
28,5,4,-1,Jamar Henry,Trike Motorsports,Medium,1:51.845,+0.050,+18.026,Running
28,6,7,1,Aida Haque,Icarus,Medium,1:50.919,+0.821,+18.847,Running
28,7,6,-1,Eli Huertez,Pulang Kabayo Racing,Medium,1:51.432,+0.050,+18.897,Running
28,8,12,4,Fidan Basak,Pulang Kabayo Racing,Hard,1:50.365,+1.563,+20.460,Running
28,9,9,0,Kanno Sora,LFL Engineering,Hard,1:51.820,+0.050,+20.510,Running
28,10,11,1,Aleksa Kozlov,LFL Engineering,Hard,1:51.114,+0.677,+21.187,Running
28,11,10,-1,Ye Li,Racing Life,Medium,1:52.141,+0.860,+22.047,Running
28,12,15,3,Damien Quibuyen,Mercedes AMG Motorsport,Soft,1:49.937,+3.748,+25.795,Running
28,13,13,0,Sydney Aspen,Villiuride Racing,Hard,1:52.249,+0.324,+26.119,Running
28,14,14,0,Monica Niculescu,Dacia Racing Team,Hard,1:51.926,+1.276,+27.395,Running
28,15,16,1,Ananda Chohan,Mercedes AMG Motorsport,Hard,1:50.631,+5.482,+32.877,Running
28,16,5,-11,Liesje Roser,Dacia Racing Team,Medium,1:50.924,+7.462,+40.339,Running
28,17,17,0,Niamh Murphy,Racing Life,Hard,1:50.882,+0.289,+40.629,Running
28,18,18,0,Clara Longo,Icarus,Hard,1:52.196,+7.685,+40.420,Mechanical failure on lap 27
29,1,1,0,Franc Abel,Shell Motorsports,Hard,1:51.044,-,-,Running
29,2,2,0,Berend Boer,Shell Motorsports,Soft,1:49.884,+9.083,+9.083,Running
29,3,3,0,Mark Graham,Trike Motorsports,Medium,1:51.424,+4.741,+13.824,Running
29,4,5,1,Jamar Henry,Trike Motorsports,Medium,1:50.573,+3.562,+17.387,Running
29,5,4,-1,Al Fabet,Villiuride Racing,Medium,1:50.504,+0.050,+17.437,Running
29,6,7,1,Eli Huertez,Pulang Kabayo Racing,Medium,1:51.494,+1.835,+19.272,Running
29,7,8,1,Fidan Basak,Pulang Kabayo Racing,Hard,1:49.906,+0.050,+19.322,Running
29,8,6,-2,Aida Haque,Icarus,Medium,1:52.019,+0.501,+19.823,Running
29,9,9,0,Kanno Sora,LFL Engineering,Hard,1:51.180,+0.823,+20.646,Running
29,10,11,1,Ye Li,Racing Life,Medium,1:50.277,+0.635,+21.281,Running
29,11,10,-1,Aleksa Kozlov,LFL Engineering,Hard,1:51.404,+0.267,+21.547,Running
29,12,12,0,Damien Quibuyen,Mercedes AMG Motorsport,Soft,1:50.039,+3.242,+24.790,Running
29,13,13,0,Sydney Aspen,Villiuride Racing,Hard,1:50.439,+0.725,+25.514,Running
29,14,14,0,Monica Niculescu,Dacia Racing Team,Hard,1:51.884,+2.721,+28.235,Running
29,15,15,0,Ananda Chohan,Mercedes AMG Motorsport,Hard,1:51.967,+5.565,+33.800,Running
29,16,17,1,Niamh Murphy,Racing Life,Hard,1:50.407,+6.192,+39.992,Running
29,17,16,-1,Liesje Roser,Dacia Racing Team,Medium,1:52.572,+1.875,+41.867,Running
29,18,18,0,Clara Longo,Icarus,Hard,1:52.196,+7.685,+40.420,Mechanical failure on lap 27
30,1,1,0,Franc Abel,Shell Motorsports,Hard,1:50.242,-,-,Running
30,2,3,1,Mark Graham,Trike Motorsports,Medium,1:49.120,+12.702,+12.702,Running
30,3,4,1,Jamar Henry,Trike Motorsports,Medium,1:51.727,+6.101,+18.803,Running
30,4,5,1,Al Fabet,Villiuride Racing,Medium,1:51.658,+0.050,+18.853,Running
30,5,7,2,Fidan Basak,Pulang Kabayo Racing,Hard,1:50.245,+0.471,+19.324,Running
30,6,6,0,Eli Huertez,Pulang Kabayo Racing,Medium,1:50.985,+0.690,+20.014,Running
30,7,10,3,Ye Li,Racing Life,Medium,1:49.624,+0.648,+20.662,Running
30,8,8,0,Aida Haque,Icarus,Medium,1:51.099,+0.017,+20.679,Running
30,9,11,2,Aleksa Kozlov,LFL Engineering,Hard,1:50.803,+1.428,+22.108,Running
30,10,9,-1,Kanno Sora,LFL Engineering,Hard,1:51.913,+0.209,+22.316,Running
30,11,12,1,Damien Quibuyen,Mercedes AMG Motorsport,Soft,1:49.573,+1.804,+24.121,Running
30,12,13,1,Sydney Aspen,Villiuride Racing,Hard,1:50.284,+1.435,+25.556,Running
30,13,14,1,Monica Niculescu,Dacia Racing Team,Hard,1:51.256,+3.693,+29.249,Running
30,14,2,-12,Berend Boer,Shell Motorsports,Medium,1:52.204,+3.796,+33.045,Running
30,15,15,0,Ananda Chohan,Mercedes AMG Motorsport,Hard,1:50.959,+1.472,+34.517,Running
30,16,16,0,Niamh Murphy,Racing Life,Hard,1:50.884,+6.116,+40.633,Running
30,17,17,0,Liesje Roser,Dacia Racing Team,Medium,1:50.473,+1.465,+42.098,Running
30,18,18,0,Clara Longo,Icarus,Hard,1:52.196,+7.685,+40.420,Mechanical failure on lap 27
31,1,1,0,Franc Abel,Shell Motorsports,Hard,1:50.326,-,-,Running
31,2,2,0,Mark Graham,Trike Motorsports,Medium,1:51.594,+13.971,+13.971,Running
31,3,3,0,Jamar Henry,Trike Motorsports,Medium,1:49.893,+4.399,+18.370,Running
31,4,4,0,Al Fabet,Villiuride Racing,Medium,1:51.187,+1.293,+19.663,Running
31,5,5,0,Fidan Basak,Pulang Kabayo Racing,Hard,1:50.715,+0.050,+19.713,Running
31,6,8,2,Aida Haque,Icarus,Medium,1:50.664,+1.109,+20.822,Running
31,7,7,0,Ye Li,Racing Life,Medium,1:50.536,+0.050,+20.872,Running
31,8,6,-2,Eli Huertez,Pulang Kabayo Racing,Medium,1:51.507,+0.096,+20.968,Running
31,9,9,0,Aleksa Kozlov,LFL Engineering,Hard,1:52.257,+2.989,+23.957,Running
31,10,11,1,Damien Quibuyen,Mercedes AMG Motorsport,Soft,1:50.212,+0.050,+24.007,Running
31,11,10,-1,Kanno Sora,LFL Engineering,Hard,1:52.227,+0.211,+24.218,Running
31,12,12,0,Sydney Aspen,Villiuride Racing,Hard,1:51.708,+2.720,+26.938,Running
31,13,13,0,Monica Niculescu,Dacia Racing Team,Hard,1:50.352,+2.337,+29.275,Running
31,14,14,0,Berend Boer,Shell Motorsports,Medium,1:49.971,+3.415,+32.690,Running
31,15,15,0,Ananda Chohan,Mercedes AMG Motorsport,Hard,1:51.907,+3.408,+36.099,Running
31,16,16,0,Niamh Murphy,Racing Life,Hard,1:50.656,+4.865,+40.964,Running
31,17,17,0,Liesje Roser,Dacia Racing Team,Medium,1:51.409,+2.218,+43.182,Running
31,18,18,0,Clara Longo,Icarus,Hard,1:52.196,+7.685,+40.420,Mechanical failure on lap 27
32,1,2,1,Mark Graham,Trike Motorsports,Medium,1:50.383,-,-,Running
32,2,5,3,Fidan Basak,Pulang Kabayo Racing,Hard,1:50.488,+5.607,+5.607,Running
32,3,3,0,Jamar Henry,Trike Motorsports,Medium,1:51.640,+0.050,+5.657,Running
32,4,8,4,Eli Huertez,Pulang Kabayo Racing,Medium,1:50.347,+1.304,+6.961,Running
32,5,4,-1,Al Fabet,Villiuride Racing,Medium,1:51.773,+0.122,+7.083,Running
32,6,7,1,Ye Li,Racing Life,Medium,1:50.800,+0.235,+7.318,Running
32,7,6,-1,Aida Haque,Icarus,Medium,1:51.756,+0.907,+8.225,Running
32,8,1,-7,Franc Abel,Shell Motorsports,Medium,1:50.927,+0.348,+8.573,Running
32,9,10,1,Damien Quibuyen,Mercedes AMG Motorsport,Soft,1:52.139,+3.219,+11.792,Running
32,10,11,1,Kanno Sora,LFL Engineering,Hard,1:52.159,+0.232,+12.024,Running
32,11,9,-2,Aleksa Kozlov,LFL Engineering,Hard,1:52.655,+0.235,+12.258,Running
32,12,12,0,Sydney Aspen,Villiuride Racing,Hard,1:51.639,+1.965,+14.223,Running
32,13,13,0,Monica Niculescu,Dacia Racing Team,Hard,1:51.687,+2.386,+16.609,Running
32,14,14,0,Berend Boer,Shell Motorsports,Medium,1:50.261,+1.988,+18.597,Running
32,15,15,0,Ananda Chohan,Mercedes AMG Motorsport,Hard,1:51.079,+4.227,+22.824,Running
32,16,16,0,Niamh Murphy,Racing Life,Hard,1:50.894,+4.680,+27.504,Running
32,17,17,0,Liesje Roser,Dacia Racing Team,Medium,1:51.883,+3.206,+30.711,Running
32,18,18,0,Clara Longo,Icarus,Hard,1:52.196,+7.685,+40.420,Mechanical failure on lap 27
33,1,1,0,Mark Graham,Trike Motorsports,Medium,1:51.857,-,-,Running
33,2,2,0,Fidan Basak,Pulang Kabayo Racing,Hard,1:50.632,+4.382,+4.382,Running
33,3,5,2,Al Fabet,Villiuride Racing,Medium,1:50.498,+1.343,+5.725,Running
33,4,3,-1,Jamar Henry,Trike Motorsports,Medium,1:51.971,+0.047,+5.771,Running
33,5,6,1,Ye Li,Racing Life,Medium,1:50.545,+0.235,+6.007,Running
33,6,4,-2,Eli Huertez,Pulang Kabayo Racing,Medium,1:51.175,+0.272,+6.279,Running
33,7,8,1,Franc Abel,Shell Motorsports,Medium,1:51.229,+1.666,+7.946,Running
33,8,7,-1,Aida Haque,Icarus,Medium,1:51.910,+0.333,+8.279,Running
33,9,11,2,Aleksa Kozlov,LFL Engineering,Hard,1:50.764,+2.887,+11.166,Running
33,10,10,0,Kanno Sora,LFL Engineering,Hard,1:51.881,+0.883,+12.049,Running
33,11,12,1,Sydney Aspen,Villiuride Racing,Hard,1:51.872,+2.190,+14.238,Running
33,12,13,1,Monica Niculescu,Dacia Racing Team,Hard,1:50.485,+0.999,+15.237,Running
33,13,14,1,Berend Boer,Shell Motorsports,Medium,1:50.883,+2.386,+17.624,Running
33,14,15,1,Ananda Chohan,Mercedes AMG Motorsport,Hard,1:52.621,+5.965,+23.589,Running
33,15,16,1,Niamh Murphy,Racing Life,Hard,1:51.174,+3.233,+26.822,Running
33,16,17,1,Liesje Roser,Dacia Racing Team,Medium,1:49.616,+1.648,+28.470,Running
33,17,9,-8,Damien Quibuyen,Mercedes AMG Motorsport,Medium,1:49.611,+3.076,+31.546,Running
33,18,18,0,Clara Longo,Icarus,Hard,1:52.196,+7.685,+40.420,Mechanical failure on lap 27
34,1,1,0,Mark Graham,Trike Motorsports,Medium,1:51.436,-,-,Running
34,2,2,0,Fidan Basak,Pulang Kabayo Racing,Hard,1:49.851,+2.796,+2.796,Running
34,3,5,2,Ye Li,Racing Life,Medium,1:50.523,+1.664,+4.460,Running
34,4,3,-1,Al Fabet,Villiuride Racing,Medium,1:50.222,+0.050,+4.510,Running
34,5,4,-1,Jamar Henry,Trike Motorsports,Medium,1:51.006,+0.831,+5.341,Running
34,6,7,1,Franc Abel,Shell Motorsports,Medium,1:50.026,+1.122,+6.463,Running
34,7,6,-1,Eli Huertez,Pulang Kabayo Racing,Medium,1:51.670,+0.050,+6.513,Running
34,8,8,0,Aida Haque,Icarus,Medium,1:51.080,+1.410,+7.923,Running
34,9,9,0,Aleksa Kozlov,LFL Engineering,Hard,1:51.076,+2.883,+10.806,Running
34,10,10,0,Kanno Sora,LFL Engineering,Hard,1:52.250,+2.056,+12.862,Running
34,11,11,0,Sydney Aspen,Villiuride Racing,Hard,1:50.731,+0.671,+13.533,Running
34,12,12,0,Monica Niculescu,Dacia Racing Team,Hard,1:51.876,+2.143,+15.677,Running
34,13,13,0,Berend Boer,Shell Motorsports,Medium,1:50.793,+1.304,+16.981,Running
34,14,14,0,Ananda Chohan,Mercedes AMG Motorsport,Hard,1:51.539,+6.711,+23.691,Running
34,15,16,1,Liesje Roser,Dacia Racing Team,Medium,1:50.820,+4.163,+27.854,Running
34,16,15,-1,Niamh Murphy,Racing Life,Hard,1:52.502,+0.033,+27.888,Running
34,17,17,0,Damien Quibuyen,Mercedes AMG Motorsport,Medium,1:51.393,+3.615,+31.503,Running
34,18,18,0,Clara Longo,Icarus,Hard,1:52.196,+7.685,+40.420,Mechanical failure on lap 27
35,1,2,1,Fidan Basak,Pulang Kabayo Racing,Hard,1:50.150,-,-,Running
35,2,1,-1,Mark Graham,Trike Motorsports,Medium,1:52.047,+0.050,+0.050,Running
35,3,3,0,Ye Li,Racing Life,Medium,1:51.761,+4.174,+4.224,Running
35,4,6,2,Franc Abel,Shell Motorsports,Medium,1:50.097,+0.339,+4.563,Running
35,5,5,0,Jamar Henry,Trike Motorsports,Medium,1:52.498,+1.166,+5.730,Running
35,6,7,1,Eli Huertez,Pulang Kabayo Racing,Medium,1:51.243,+0.029,+5.759,Running
35,7,8,1,Aida Haque,Icarus,Medium,1:49.854,+0.021,+5.780,Running
35,8,9,1,Aleksa Kozlov,LFL Engineering,Hard,1:51.542,+4.572,+10.352,Running
35,9,10,1,Kanno Sora,LFL Engineering,Hard,1:52.025,+2.538,+12.890,Running
35,10,11,1,Sydney Aspen,Villiuride Racing,Hard,1:52.273,+0.920,+13.810,Running
35,11,13,2,Berend Boer,Shell Motorsports,Medium,1:49.850,+1.024,+14.833,Running
35,12,14,2,Ananda Chohan,Mercedes AMG Motorsport,Hard,1:52.119,+8.980,+23.814,Running
35,13,15,2,Liesje Roser,Dacia Racing Team,Medium,1:51.287,+3.331,+27.145,Running
35,14,16,2,Niamh Murphy,Racing Life,Hard,1:51.389,+0.135,+27.280,Running
35,15,17,2,Damien Quibuyen,Mercedes AMG Motorsport,Medium,1:51.831,+4.057,+31.337,Running
35,16,4,-12,Al Fabet,Villiuride Racing,Medium,1:50.222,+0.050,+4.510,Mechanical failure on lap 35
35,17,12,-5,Monica Niculescu,Dacia Racing Team,Hard,1:51.876,+2.143,+15.677,Crashed on lap 35
35,18,18,0,Clara Longo,Icarus,Hard,1:52.196,+7.685,+40.420,Mechanical failure on lap 27
36,1,1,0,Fidan Basak,Pulang Kabayo Racing,Hard,1:51.693,-,-,Running
36,2,2,0,Mark Graham,Trike Motorsports,Medium,1:51.805,+0.162,+0.162,Running
36,3,5,2,Jamar Henry,Trike Motorsports,Medium,1:50.038,+3.131,+3.292,Running
36,4,4,0,Franc Abel,Shell Motorsports,Medium,1:50.472,+0.050,+3.342,Running
36,5,3,-2,Ye Li,Racing Life,Medium,1:51.615,+0.804,+4.146,Running
36,6,6,0,Eli Huertez,Pulang Kabayo Racing,Medium,1:50.608,+0.528,+4.674,Running
36,7,7,0,Aida Haque,Icarus,Medium,1:50.952,+0.364,+5.039,Running
36,8,8,0,Aleksa Kozlov,LFL Engineering,Hard,1:50.676,+4.296,+9.335,Running
36,9,10,1,Sydney Aspen,Villiuride Racing,Hard,1:50.565,+2.991,+12.326,Running
36,10,9,-1,Kanno Sora,LFL Engineering,Hard,1:51.179,+0.050,+12.376,Running
36,11,11,0,Berend Boer,Shell Motorsports,Medium,1:51.332,+2.097,+14.473,Running
36,12,13,1,Liesje Roser,Dacia Racing Team,Medium,1:49.853,+9.631,+24.103,Running
36,13,12,-1,Ananda Chohan,Mercedes AMG Motorsport,Hard,1:52.032,+0.050,+24.153,Running
36,14,14,0,Niamh Murphy,Racing Life,Hard,1:51.035,+2.469,+26.622,Running
36,15,15,0,Damien Quibuyen,Mercedes AMG Motorsport,Medium,1:50.470,+3.493,+30.115,Running
36,16,16,0,Al Fabet,Villiuride Racing,Medium,1:50.222,+0.050,+4.510,Mechanical failure on lap 35
36,17,17,0,Monica Niculescu,Dacia Racing Team,Hard,1:51.876,+2.143,+15.677,Crashed on lap 35
36,18,18,0,Clara Longo,Icarus,Hard,1:52.196,+7.685,+40.420,Mechanical failure on lap 27
37,1,1,0,Fidan Basak,Pulang Kabayo Racing,Hard,1:50.228,-,-,Running
37,2,2,0,Mark Graham,Trike Motorsports,Medium,1:51.581,+1.514,+1.514,Running
37,3,4,1,Franc Abel,Shell Motorsports,Medium,1:49.780,+1.380,+2.894,Running
37,4,3,-1,Jamar Henry,Trike Motorsports,Medium,1:51.072,+1.241,+4.135,Running
37,5,6,1,Eli Huertez,Pulang Kabayo Racing,Medium,1:52.187,+2.497,+6.633,Running
37,6,7,1,Aida Haque,Icarus,Medium,1:51.979,+0.156,+6.789,Running
37,7,5,-2,Ye Li,Racing Life,Medium,1:52.875,+0.004,+6.793,Running
37,8,8,0,Aleksa Kozlov,LFL Engineering,Hard,1:52.100,+4.414,+11.207,Running
37,9,10,1,Kanno Sora,LFL Engineering,Hard,1:51.102,+2.042,+13.249,Running
37,10,11,1,Berend Boer,Shell Motorsports,Medium,1:49.675,+0.336,+13.585,Running
37,11,9,-2,Sydney Aspen,Villiuride Racing,Hard,1:51.538,+0.050,+13.635,Running
37,12,12,0,Liesje Roser,Dacia Racing Team,Medium,1:50.906,+11.146,+24.781,Running
37,13,13,0,Ananda Chohan,Mercedes AMG Motorsport,Hard,1:51.073,+0.217,+24.998,Running
37,14,14,0,Niamh Murphy,Racing Life,Hard,1:51.101,+2.497,+27.495,Running
37,15,15,0,Damien Quibuyen,Mercedes AMG Motorsport,Medium,1:50.098,+2.490,+29.984,Running
37,16,16,0,Al Fabet,Villiuride Racing,Medium,1:50.222,+0.050,+4.510,Mechanical failure on lap 35
37,17,17,0,Monica Niculescu,Dacia Racing Team,Hard,1:51.876,+2.143,+15.677,Crashed on lap 35
37,18,18,0,Clara Longo,Icarus,Hard,1:52.196,+7.685,+40.420,Mechanical failure on lap 27
38,1,1,0,Fidan Basak,Pulang Kabayo Racing,Hard,1:50.050,-,-,Running
38,2,3,1,Franc Abel,Shell Motorsports,Medium,1:50.163,+3.008,+3.008,Running
38,3,7,4,Ye Li,Racing Life,Medium,1:51.597,+5.332,+8.340,Running
38,4,8,4,Aleksa Kozlov,LFL Engineering,Hard,1:50.773,+3.590,+11.930,Running
38,5,10,5,Berend Boer,Shell Motorsports,Medium,1:50.454,+2.059,+13.989,Running
38,6,9,3,Kanno Sora,LFL Engineering,Hard,1:51.761,+0.971,+14.960,Running
38,7,11,4,Sydney Aspen,Villiuride Racing,Hard,1:52.174,+0.799,+15.759,Running
38,8,2,-6,Mark Graham,Trike Motorsports,Soft,1:52.224,+9.729,+25.488,Running
38,9,12,3,Liesje Roser,Dacia Racing Team,Medium,1:50.807,+0.050,+25.538,Running
38,10,13,3,Ananda Chohan,Mercedes AMG Motorsport,Hard,1:51.137,+0.101,+25.639,Running
38,11,4,-7,Jamar Henry,Trike Motorsports,Soft,1:51.377,+1.823,+27.462,Running
38,12,14,2,Niamh Murphy,Racing Life,Hard,1:51.724,+1.186,+28.648,Running
38,13,5,-8,Eli Huertez,Pulang Kabayo Racing,Soft,1:50.115,+0.050,+28.698,Running
38,14,6,-8,Aida Haque,Icarus,Soft,1:50.551,+0.592,+29.290,Running
38,15,15,0,Damien Quibuyen,Mercedes AMG Motorsport,Medium,1:51.786,+2.430,+31.721,Running
38,16,16,0,Al Fabet,Villiuride Racing,Medium,1:50.222,+0.050,+4.510,Mechanical failure on lap 35
38,17,17,0,Monica Niculescu,Dacia Racing Team,Hard,1:51.876,+2.143,+15.677,Crashed on lap 35
38,18,18,0,Clara Longo,Icarus,Hard,1:52.196,+7.685,+40.420,Mechanical failure on lap 27
39,1,1,0,Fidan Basak,Pulang Kabayo Racing,Hard,1:50.677,-,-,Running
39,2,2,0,Franc Abel,Shell Motorsports,Medium,1:50.190,+2.521,+2.521,Running
39,3,3,0,Ye Li,Racing Life,Medium,1:51.476,+6.618,+9.139,Running
39,4,5,1,Berend Boer,Shell Motorsports,Medium,1:49.876,+4.048,+13.187,Running
39,5,6,1,Kanno Sora,LFL Engineering,Hard,1:50.794,+1.890,+15.077,Running
39,6,7,1,Sydney Aspen,Villiuride Racing,Hard,1:51.557,+1.561,+16.638,Running
39,7,9,2,Liesje Roser,Dacia Racing Team,Medium,1:50.410,+8.204,+24.842,Running
39,8,8,0,Mark Graham,Trike Motorsports,Soft,1:50.082,+0.050,+24.892,Running
39,9,11,2,Jamar Henry,Trike Motorsports,Soft,1:49.268,+0.328,+25.220,Running
39,10,10,0,Ananda Chohan,Mercedes AMG Motorsport,Hard,1:52.116,+1.857,+27.077,Running
39,11,13,2,Eli Huertez,Pulang Kabayo Racing,Soft,1:49.382,+0.326,+27.403,Running
39,12,14,2,Aida Haque,Icarus,Soft,1:49.407,+0.616,+28.020,Running
39,13,12,-1,Niamh Murphy,Racing Life,Hard,1:52.032,+1.983,+30.003,Running
39,14,15,1,Damien Quibuyen,Mercedes AMG Motorsport,Medium,1:52.189,+2.986,+32.988,Running
39,15,4,-11,Aleksa Kozlov,LFL Engineering,Medium,1:49.786,+0.050,+33.038,Running
39,16,16,0,Al Fabet,Villiuride Racing,Medium,1:50.222,+0.050,+4.510,Mechanical failure on lap 35
39,17,17,0,Monica Niculescu,Dacia Racing Team,Hard,1:51.876,+2.143,+15.677,Crashed on lap 35
39,18,18,0,Clara Longo,Icarus,Hard,1:52.196,+7.685,+40.420,Mechanical failure on lap 27
40,1,1,0,Fidan Basak,Pulang Kabayo Racing,Hard,1:50.728,-,-,Running
40,2,2,0,Franc Abel,Shell Motorsports,Medium,1:50.934,+2.727,+2.727,Running
40,3,3,0,Ye Li,Racing Life,Medium,1:51.045,+6.729,+9.456,Running
40,4,4,0,Berend Boer,Shell Motorsports,Medium,1:50.853,+3.857,+13.312,Running
40,5,5,0,Kanno Sora,LFL Engineering,Hard,1:51.606,+2.642,+15.955,Running
40,6,6,0,Sydney Aspen,Villiuride Racing,Hard,1:52.037,+1.992,+17.947,Running
40,7,8,1,Mark Graham,Trike Motorsports,Soft,1:50.398,+6.030,+23.976,Running
40,8,9,1,Jamar Henry,Trike Motorsports,Soft,1:49.535,+0.050,+24.026,Running
40,9,7,-2,Liesje Roser,Dacia Racing Team,Medium,1:51.446,+0.486,+24.512,Running
40,10,12,2,Aida Haque,Icarus,Soft,1:50.244,+3.023,+27.535,Running
40,11,11,0,Eli Huertez,Pulang Kabayo Racing,Soft,1:50.935,+0.075,+27.610,Running
40,12,10,-2,Ananda Chohan,Mercedes AMG Motorsport,Hard,1:51.368,+0.106,+27.717,Running
40,13,13,0,Niamh Murphy,Racing Life,Hard,1:51.686,+3.244,+30.960,Running
40,14,15,1,Aleksa Kozlov,LFL Engineering,Medium,1:50.967,+1.988,+32.949,Running
40,15,14,-1,Damien Quibuyen,Mercedes AMG Motorsport,Medium,1:50.739,+0.050,+32.999,Running
40,16,16,0,Al Fabet,Villiuride Racing,Medium,1:50.222,+0.050,+4.510,Mechanical failure on lap 35
40,17,17,0,Monica Niculescu,Dacia Racing Team,Hard,1:51.876,+2.143,+15.677,Crashed on lap 35
40,18,18,0,Clara Longo,Icarus,Hard,1:52.196,+7.685,+40.420,Mechanical failure on lap 27
41,1,1,0,Fidan Basak,Pulang Kabayo Racing,Hard,1:51.821,-,-,Running
41,2,2,0,Franc Abel,Shell Motorsports,Medium,1:51.078,+1.983,+1.983,Running
41,3,3,0,Ye Li,Racing Life,Medium,1:51.775,+7.426,+9.409,Running
41,4,4,0,Berend Boer,Shell Motorsports,Medium,1:51.668,+3.750,+13.159,Running
41,5,5,0,Kanno Sora,LFL Engineering,Hard,1:51.515,+2.489,+15.648,Running
41,6,6,0,Sydney Aspen,Villiuride Racing,Hard,1:50.676,+1.153,+16.802,Running
41,7,8,1,Jamar Henry,Trike Motorsports,Soft,1:49.498,+4.902,+21.703,Running
41,8,7,-1,Mark Graham,Trike Motorsports,Soft,1:51.060,+1.511,+23.215,Running
41,9,9,0,Liesje Roser,Dacia Racing Team,Medium,1:51.685,+1.161,+24.375,Running
41,10,10,0,Aida Haque,Icarus,Soft,1:50.360,+1.699,+26.074,Running
41,11,11,0,Eli Huertez,Pulang Kabayo Racing,Soft,1:51.218,+0.933,+27.007,Running
41,12,12,0,Ananda Chohan,Mercedes AMG Motorsport,Hard,1:52.450,+1.338,+28.345,Running
41,13,13,0,Niamh Murphy,Racing Life,Hard,1:51.435,+2.229,+30.574,Running
41,14,15,1,Damien Quibuyen,Mercedes AMG Motorsport,Medium,1:50.303,+0.203,+30.777,Running
41,15,14,-1,Aleksa Kozlov,LFL Engineering,Medium,1:49.700,+0.050,+30.827,Running
41,16,16,0,Al Fabet,Villiuride Racing,Medium,1:50.222,+0.050,+4.510,Mechanical failure on lap 35
41,17,17,0,Monica Niculescu,Dacia Racing Team,Hard,1:51.876,+2.143,+15.677,Crashed on lap 35
41,18,18,0,Clara Longo,Icarus,Hard,1:52.196,+7.685,+40.420,Mechanical failure on lap 27
42,1,1,0,Fidan Basak,Pulang Kabayo Racing,Hard,1:50.967,-,-,Running
42,2,2,0,Franc Abel,Shell Motorsports,Medium,1:51.299,+2.316,+2.316,Running
42,3,3,0,Ye Li,Racing Life,Medium,1:51.179,+7.305,+9.621,Running
42,4,4,0,Berend Boer,Shell Motorsports,Medium,1:50.767,+3.338,+12.959,Running
42,5,5,0,Kanno Sora,LFL Engineering,Hard,1:50.727,+2.450,+15.408,Running
42,6,6,0,Sydney Aspen,Villiuride Racing,Hard,1:50.939,+1.365,+16.774,Running
42,7,7,0,Jamar Henry,Trike Motorsports,Soft,1:50.464,+4.426,+21.200,Running
42,8,8,0,Mark Graham,Trike Motorsports,Soft,1:50.148,+1.196,+22.396,Running
42,9,9,0,Liesje Roser,Dacia Racing Team,Medium,1:51.760,+2.773,+25.169,Running
42,10,10,0,Aida Haque,Icarus,Soft,1:51.371,+1.309,+26.478,Running
42,11,11,0,Eli Huertez,Pulang Kabayo Racing,Soft,1:50.683,+0.246,+26.723,Running
42,12,15,3,Aleksa Kozlov,LFL Engineering,Medium,1:49.705,+2.842,+29.565,Running
42,13,14,1,Damien Quibuyen,Mercedes AMG Motorsport,Medium,1:51.473,+1.718,+31.283,Running
42,14,13,-1,Niamh Murphy,Racing Life,Hard,1:52.694,+1.018,+32.301,Running
42,15,12,-3,Ananda Chohan,Mercedes AMG Motorsport,Soft,1:50.948,+18.025,+50.326,Running
42,16,16,0,Al Fabet,Villiuride Racing,Medium,1:50.222,+0.050,+4.510,Mechanical failure on lap 35
42,17,17,0,Monica Niculescu,Dacia Racing Team,Hard,1:51.876,+2.143,+15.677,Crashed on lap 35
42,18,18,0,Clara Longo,Icarus,Hard,1:52.196,+7.685,+40.420,Mechanical failure on lap 27
43,1,1,0,Fidan Basak,Pulang Kabayo Racing,Hard,1:49.854,-,-,Running
43,2,2,0,Franc Abel,Shell Motorsports,Medium,1:50.613,+3.074,+3.074,Running
43,3,3,0,Ye Li,Racing Life,Medium,1:51.828,+8.521,+11.596,Running
43,4,4,0,Berend Boer,Shell Motorsports,Medium,1:51.109,+2.618,+14.214,Running
43,5,5,0,Kanno Sora,LFL Engineering,Hard,1:50.727,+2.068,+16.282,Running
43,6,6,0,Sydney Aspen,Villiuride Racing,Hard,1:51.302,+1.940,+18.222,Running
43,7,7,0,Jamar Henry,Trike Motorsports,Soft,1:51.119,+4.243,+22.465,Running
43,8,9,1,Liesje Roser,Dacia Racing Team,Medium,1:49.798,+1.823,+24.287,Running
43,9,8,-1,Mark Graham,Trike Motorsports,Soft,1:51.796,+0.050,+24.337,Running
43,10,10,0,Aida Haque,Icarus,Soft,1:51.376,+2.557,+26.895,Running
43,11,11,0,Eli Huertez,Pulang Kabayo Racing,Soft,1:50.075,+0.050,+26.945,Running
43,12,12,0,Aleksa Kozlov,LFL Engineering,Medium,1:49.125,+1.892,+28.837,Running
43,13,13,0,Damien Quibuyen,Mercedes AMG Motorsport,Medium,1:50.631,+3.223,+32.060,Running
43,14,14,0,Niamh Murphy,Racing Life,Hard,1:51.537,+1.924,+33.984,Running
43,15,15,0,Ananda Chohan,Mercedes AMG Motorsport,Soft,1:50.439,+16.928,+50.911,Running
43,16,16,0,Al Fabet,Villiuride Racing,Medium,1:50.222,+0.050,+4.510,Mechanical failure on lap 35
43,17,17,0,Monica Niculescu,Dacia Racing Team,Hard,1:51.876,+2.143,+15.677,Crashed on lap 35
43,18,18,0,Clara Longo,Icarus,Hard,1:52.196,+7.685,+40.420,Mechanical failure on lap 27
44,1,1,0,Fidan Basak,Pulang Kabayo Racing,Hard,1:51.389,-,-,Running
44,2,2,0,Franc Abel,Shell Motorsports,Medium,1:50.791,+2.476,+2.476,Running
44,3,3,0,Ye Li,Racing Life,Medium,1:51.248,+8.978,+11.454,Running
44,4,4,0,Berend Boer,Shell Motorsports,Medium,1:50.543,+1.913,+13.368,Running
44,5,6,1,Sydney Aspen,Villiuride Racing,Hard,1:50.678,+4.144,+17.511,Running
44,6,7,1,Jamar Henry,Trike Motorsports,Soft,1:50.324,+3.889,+21.400,Running
44,7,9,2,Mark Graham,Trike Motorsports,Soft,1:51.565,+1.904,+23.304,Running
44,8,8,0,Liesje Roser,Dacia Racing Team,Medium,1:50.455,+0.050,+23.354,Running
44,9,11,2,Eli Huertez,Pulang Kabayo Racing,Soft,1:49.879,+2.081,+25.435,Running
44,10,10,0,Aida Haque,Icarus,Soft,1:51.205,+1.276,+26.711,Running
44,11,12,1,Aleksa Kozlov,LFL Engineering,Medium,1:51.464,+2.201,+28.912,Running
44,12,13,1,Damien Quibuyen,Mercedes AMG Motorsport,Medium,1:50.124,+1.884,+30.796,Running
44,13,14,1,Niamh Murphy,Racing Life,Hard,1:52.075,+3.874,+34.670,Running
44,14,5,-9,Kanno Sora,LFL Engineering,Soft,1:50.295,+2.518,+37.188,Running
44,15,15,0,Ananda Chohan,Mercedes AMG Motorsport,Soft,1:51.190,+13.525,+50.713,Running
44,16,16,0,Al Fabet,Villiuride Racing,Medium,1:50.222,+0.050,+4.510,Mechanical failure on lap 35
44,17,17,0,Monica Niculescu,Dacia Racing Team,Hard,1:51.876,+2.143,+15.677,Crashed on lap 35
44,18,18,0,Clara Longo,Icarus,Hard,1:52.196,+7.685,+40.420,Mechanical failure on lap 27
45,1,1,0,Fidan Basak,Pulang Kabayo Racing,Hard,1:52.742,-,-,Running
45,2,2,0,Franc Abel,Shell Motorsports,Medium,1:51.628,+1.362,+1.362,Running
45,3,3,0,Ye Li,Racing Life,Medium,1:51.408,+8.759,+10.121,Running
45,4,4,0,Berend Boer,Shell Motorsports,Medium,1:51.718,+2.223,+12.343,Running
45,5,5,0,Sydney Aspen,Villiuride Racing,Hard,1:51.257,+3.683,+16.027,Running
45,6,6,0,Jamar Henry,Trike Motorsports,Soft,1:51.419,+4.050,+20.077,Running
45,7,7,0,Mark Graham,Trike Motorsports,Soft,1:50.089,+0.573,+20.650,Running
45,8,8,0,Liesje Roser,Dacia Racing Team,Medium,1:51.632,+1.593,+22.243,Running
45,9,9,0,Eli Huertez,Pulang Kabayo Racing,Soft,1:50.765,+1.214,+23.458,Running
45,10,10,0,Aida Haque,Icarus,Soft,1:50.384,+0.896,+24.353,Running
45,11,11,0,Aleksa Kozlov,LFL Engineering,Medium,1:50.745,+2.562,+26.915,Running
45,12,12,0,Damien Quibuyen,Mercedes AMG Motorsport,Medium,1:51.894,+3.033,+29.948,Running
45,13,13,0,Niamh Murphy,Racing Life,Hard,1:51.618,+3.598,+33.546,Running
45,14,14,0,Kanno Sora,LFL Engineering,Soft,1:49.474,+0.374,+33.919,Running
45,15,15,0,Ananda Chohan,Mercedes AMG Motorsport,Soft,1:50.951,+15.002,+48.921,Running
45,16,16,0,Al Fabet,Villiuride Racing,Medium,1:50.222,+0.050,+4.510,Mechanical failure on lap 35
45,17,17,0,Monica Niculescu,Dacia Racing Team,Hard,1:51.876,+2.143,+15.677,Crashed on lap 35
45,18,18,0,Clara Longo,Icarus,Hard,1:52.196,+7.685,+40.420,Mechanical failure on lap 27
46,1,1,0,Fidan Basak,Pulang Kabayo Racing,Hard,1:50.345,-,-,Running
46,2,2,0,Franc Abel,Shell Motorsports,Medium,1:50.634,+1.651,+1.651,Running
46,3,3,0,Ye Li,Racing Life,Medium,1:52.065,+10.190,+11.841,Running
46,4,4,0,Berend Boer,Shell Motorsports,Medium,1:50.566,+0.723,+12.564,Running
46,5,5,0,Sydney Aspen,Villiuride Racing,Hard,1:52.159,+5.277,+17.841,Running
46,6,7,1,Mark Graham,Trike Motorsports,Soft,1:50.780,+2.260,+20.101,Running
46,7,6,-1,Jamar Henry,Trike Motorsports,Soft,1:50.419,+0.050,+20.151,Running
46,8,9,1,Eli Huertez,Pulang Kabayo Racing,Soft,1:50.910,+3.871,+24.022,Running
46,9,8,-1,Liesje Roser,Dacia Racing Team,Medium,1:52.322,+0.197,+24.219,Running
46,10,10,0,Aida Haque,Icarus,Soft,1:51.768,+1.556,+25.776,Running
46,11,11,0,Aleksa Kozlov,LFL Engineering,Medium,1:50.055,+0.848,+26.624,Running
46,12,12,0,Damien Quibuyen,Mercedes AMG Motorsport,Medium,1:50.486,+3.464,+30.088,Running
46,13,14,1,Kanno Sora,LFL Engineering,Soft,1:49.138,+2.624,+32.712,Running
46,14,13,-1,Niamh Murphy,Racing Life,Hard,1:51.279,+1.767,+34.479,Running
46,15,15,0,Ananda Chohan,Mercedes AMG Motorsport,Soft,1:51.957,+16.054,+50.533,Running
46,16,16,0,Al Fabet,Villiuride Racing,Medium,1:50.222,+0.050,+4.510,Mechanical failure on lap 35
46,17,17,0,Monica Niculescu,Dacia Racing Team,Hard,1:51.876,+2.143,+15.677,Crashed on lap 35
46,18,18,0,Clara Longo,Icarus,Hard,1:52.196,+7.685,+40.420,Mechanical failure on lap 27
47,1,2,1,Franc Abel,Shell Motorsports,Medium,1:51.084,-,-,Running
47,2,1,-1,Fidan Basak,Pulang Kabayo Racing,Hard,1:52.138,+0.050,+0.050,Running
47,3,4,1,Berend Boer,Shell Motorsports,Medium,1:51.252,+11.677,+11.727,Running
47,4,3,-1,Ye Li,Racing Life,Medium,1:52.548,+0.573,+12.300,Running
47,5,7,2,Jamar Henry,Trike Motorsports,Soft,1:49.126,+4.888,+17.188,Running
47,6,5,-1,Sydney Aspen,Villiuride Racing,Hard,1:51.523,+0.087,+17.275,Running
47,7,6,-1,Mark Graham,Trike Motorsports,Soft,1:51.627,+2.364,+19.639,Running
47,8,9,1,Liesje Roser,Dacia Racing Team,Medium,1:52.154,+3.720,+23.359,Running
47,9,8,-1,Eli Huertez,Pulang Kabayo Racing,Soft,1:51.473,+0.048,+23.407,Running
47,10,10,0,Aida Haque,Icarus,Soft,1:49.722,+0.002,+23.409,Running
47,11,11,0,Aleksa Kozlov,LFL Engineering,Medium,1:50.833,+0.826,+24.236,Running
47,12,12,0,Damien Quibuyen,Mercedes AMG Motorsport,Medium,1:50.640,+4.405,+28.640,Running
47,13,13,0,Kanno Sora,LFL Engineering,Soft,1:49.994,+1.978,+30.618,Running
47,14,14,0,Niamh Murphy,Racing Life,Hard,1:50.904,+2.676,+33.294,Running
47,15,15,0,Ananda Chohan,Mercedes AMG Motorsport,Soft,1:50.207,+15.358,+48.652,Running
47,16,16,0,Al Fabet,Villiuride Racing,Medium,1:50.222,+0.050,+4.510,Mechanical failure on lap 35
47,17,17,0,Monica Niculescu,Dacia Racing Team,Hard,1:51.876,+2.143,+15.677,Crashed on lap 35
47,18,18,0,Clara Longo,Icarus,Hard,1:52.196,+7.685,+40.420,Mechanical failure on lap 27
48,1,1,0,Franc Abel,Shell Motorsports,Medium,1:51.145,-,-,Running
48,2,2,0,Fidan Basak,Pulang Kabayo Racing,Hard,1:51.098,+0.003,+0.003,Running
48,3,3,0,Berend Boer,Shell Motorsports,Medium,1:51.668,+12.247,+12.250,Running
48,4,4,0,Ye Li,Racing Life,Medium,1:53.233,+2.138,+14.388,Running
48,5,5,0,Jamar Henry,Trike Motorsports,Soft,1:49.603,+1.258,+15.646,Running
48,6,6,0,Sydney Aspen,Villiuride Racing,Hard,1:51.102,+1.587,+17.233,Running
48,7,7,0,Mark Graham,Trike Motorsports,Soft,1:49.843,+1.104,+18.337,Running
48,8,9,1,Eli Huertez,Pulang Kabayo Racing,Soft,1:50.502,+4.427,+22.765,Running
48,9,8,-1,Liesje Roser,Dacia Racing Team,Medium,1:51.021,+0.471,+23.236,Running
48,10,10,0,Aida Haque,Icarus,Soft,1:51.843,+0.349,+23.585,Running
48,11,11,0,Aleksa Kozlov,LFL Engineering,Medium,1:50.544,+0.050,+23.635,Running
48,12,12,0,Damien Quibuyen,Mercedes AMG Motorsport,Medium,1:51.816,+5.030,+28.665,Running
48,13,13,0,Kanno Sora,LFL Engineering,Soft,1:49.242,+0.050,+28.715,Running
48,14,14,0,Niamh Murphy,Racing Life,Hard,1:51.723,+5.158,+33.873,Running
48,15,15,0,Ananda Chohan,Mercedes AMG Motorsport,Soft,1:50.609,+14.244,+48.117,Running
48,16,16,0,Al Fabet,Villiuride Racing,Medium,1:50.222,+0.050,+4.510,Mechanical failure on lap 35
48,17,17,0,Monica Niculescu,Dacia Racing Team,Hard,1:51.876,+2.143,+15.677,Crashed on lap 35
48,18,18,0,Clara Longo,Icarus,Hard,1:52.196,+7.685,+40.420,Mechanical failure on lap 27
49,1,1,0,Franc Abel,Shell Motorsports,Medium,1:49.911,-,-,Running
49,2,2,0,Fidan Basak,Pulang Kabayo Racing,Hard,1:50.463,+0.555,+0.555,Running
49,3,3,0,Berend Boer,Shell Motorsports,Medium,1:51.321,+13.105,+13.661,Running
49,4,5,1,Jamar Henry,Trike Motorsports,Soft,1:50.533,+2.608,+16.268,Running
49,5,4,-1,Ye Li,Racing Life,Medium,1:53.896,+2.105,+18.373,Running
49,6,6,0,Sydney Aspen,Villiuride Racing,Hard,1:51.499,+0.448,+18.821,Running
49,7,7,0,Mark Graham,Trike Motorsports,Soft,1:51.391,+0.996,+19.817,Running
49,8,10,2,Aida Haque,Icarus,Soft,1:49.326,+2.863,+22.680,Running
49,9,8,-1,Eli Huertez,Pulang Kabayo Racing,Soft,1:49.877,+0.050,+22.730,Running
49,10,11,1,Aleksa Kozlov,LFL Engineering,Medium,1:50.002,+0.220,+22.950,Running
49,11,9,-2,Liesje Roser,Dacia Racing Team,Medium,1:50.985,+1.360,+24.310,Running
49,12,13,1,Kanno Sora,LFL Engineering,Soft,1:50.392,+4.886,+29.197,Running
49,13,12,-1,Damien Quibuyen,Mercedes AMG Motorsport,Medium,1:52.805,+2.363,+31.559,Running
49,14,14,0,Niamh Murphy,Racing Life,Hard,1:52.174,+4.577,+36.136,Running
49,15,15,0,Ananda Chohan,Mercedes AMG Motorsport,Soft,1:51.419,+13.489,+49.625,Running
49,16,16,0,Al Fabet,Villiuride Racing,Medium,1:50.222,+0.050,+4.510,Mechanical failure on lap 35
49,17,17,0,Monica Niculescu,Dacia Racing Team,Hard,1:51.876,+2.143,+15.677,Crashed on lap 35
49,18,18,0,Clara Longo,Icarus,Hard,1:52.196,+7.685,+40.420,Mechanical failure on lap 27
50,1,2,1,Fidan Basak,Pulang Kabayo Racing,Hard,1:51.395,-,-,Running
50,2,1,-1,Franc Abel,Shell Motorsports,Medium,1:52.107,+0.157,+0.157,Running
50,3,3,0,Berend Boer,Shell Motorsports,Medium,1:51.833,+13.387,+13.543,Running
50,4,4,0,Jamar Henry,Trike Motorsports,Soft,1:51.594,+2.368,+15.911,Running
50,5,5,0,Ye Li,Racing Life,Medium,1:52.082,+1.684,+17.596,Running
50,6,7,1,Mark Graham,Trike Motorsports,Soft,1:49.779,+0.050,+17.646,Running
50,7,6,-1,Sydney Aspen,Villiuride Racing,Hard,1:51.981,+1.206,+18.852,Running
50,8,9,1,Eli Huertez,Pulang Kabayo Racing,Soft,1:49.737,+1.665,+20.516,Running
50,9,10,1,Aleksa Kozlov,LFL Engineering,Medium,1:51.623,+1.903,+22.419,Running
50,10,8,-2,Aida Haque,Icarus,Soft,1:51.739,+0.050,+22.469,Running
50,11,11,0,Liesje Roser,Dacia Racing Team,Medium,1:51.312,+1.203,+23.672,Running
50,12,12,0,Kanno Sora,LFL Engineering,Soft,1:51.286,+4.861,+28.532,Running
50,13,13,0,Damien Quibuyen,Mercedes AMG Motorsport,Medium,1:52.072,+3.149,+31.681,Running
50,14,14,0,Niamh Murphy,Racing Life,Hard,1:51.265,+3.770,+35.451,Running
50,15,15,0,Ananda Chohan,Mercedes AMG Motorsport,Soft,1:50.053,+12.277,+47.728,Running
50,16,16,0,Al Fabet,Villiuride Racing,Medium,1:50.222,+0.050,+4.510,Mechanical failure on lap 35
50,17,17,0,Monica Niculescu,Dacia Racing Team,Hard,1:51.876,+2.143,+15.677,Crashed on lap 35
50,18,18,0,Clara Longo,Icarus,Hard,1:52.196,+7.685,+40.420,Mechanical failure on lap 27
51,1,2,1,Franc Abel,Shell Motorsports,Medium,1:50.799,-,-,Running
51,2,1,-1,Fidan Basak,Pulang Kabayo Racing,Hard,1:53.131,+2.176,+2.176,Running
51,3,3,0,Berend Boer,Shell Motorsports,Medium,1:51.396,+11.808,+13.984,Running
51,4,4,0,Jamar Henry,Trike Motorsports,Soft,1:51.283,+2.256,+16.240,Running
51,5,6,1,Mark Graham,Trike Motorsports,Soft,1:51.499,+1.950,+18.189,Running
51,6,7,1,Sydney Aspen,Villiuride Racing,Hard,1:51.004,+0.711,+18.901,Running
51,7,5,-2,Ye Li,Racing Life,Medium,1:53.843,+1.277,+20.178,Running
51,8,8,0,Eli Huertez,Pulang Kabayo Racing,Soft,1:50.667,+0.050,+20.228,Running
51,9,10,1,Aida Haque,Icarus,Soft,1:50.435,+1.721,+21.949,Running
51,10,9,-1,Aleksa Kozlov,LFL Engineering,Medium,1:50.938,+0.453,+22.402,Running
51,11,11,0,Liesje Roser,Dacia Racing Team,Medium,1:52.490,+2.805,+25.207,Running
51,12,12,0,Kanno Sora,LFL Engineering,Soft,1:49.330,+1.700,+26.907,Running
51,13,13,0,Damien Quibuyen,Mercedes AMG Motorsport,Medium,1:50.204,+4.023,+30.930,Running
51,14,14,0,Niamh Murphy,Racing Life,Hard,1:50.880,+4.446,+35.376,Running
51,15,15,0,Ananda Chohan,Mercedes AMG Motorsport,Soft,1:50.016,+11.412,+46.788,Running
51,16,16,0,Al Fabet,Villiuride Racing,Medium,1:50.222,+0.050,+4.510,Mechanical failure on lap 35
51,17,17,0,Monica Niculescu,Dacia Racing Team,Hard,1:51.876,+2.143,+15.677,Crashed on lap 35
51,18,18,0,Clara Longo,Icarus,Hard,1:52.196,+7.685,+40.420,Mechanical failure on lap 27
52,1,1,0,Franc Abel,Shell Motorsports,Medium,1:49.695,-,-,Running
52,2,2,0,Fidan Basak,Pulang Kabayo Racing,Hard,1:51.060,+3.540,+3.540,Running
52,3,3,0,Berend Boer,Shell Motorsports,Medium,1:49.974,+10.723,+14.263,Running
52,4,4,0,Jamar Henry,Trike Motorsports,Soft,1:49.812,+2.094,+16.356,Running
52,5,5,0,Mark Graham,Trike Motorsports,Soft,1:51.021,+3.159,+19.515,Running
52,6,8,2,Eli Huertez,Pulang Kabayo Racing,Soft,1:49.496,+0.514,+20.029,Running
52,7,6,-1,Sydney Aspen,Villiuride Racing,Hard,1:51.674,+0.851,+20.880,Running
52,8,9,1,Aida Haque,Icarus,Soft,1:49.789,+1.164,+22.043,Running
52,9,10,1,Aleksa Kozlov,LFL Engineering,Medium,1:50.885,+1.549,+23.592,Running
52,10,7,-3,Ye Li,Racing Life,Medium,1:54.456,+1.347,+24.939,Running
52,11,12,1,Kanno Sora,LFL Engineering,Soft,1:49.749,+1.388,+26.327,Running
52,12,11,-1,Liesje Roser,Dacia Racing Team,Medium,1:50.865,+0.050,+26.377,Running
52,13,13,0,Damien Quibuyen,Mercedes AMG Motorsport,Medium,1:51.215,+6.072,+32.449,Running
52,14,14,0,Niamh Murphy,Racing Life,Hard,1:51.290,+4.522,+36.971,Running
52,15,15,0,Ananda Chohan,Mercedes AMG Motorsport,Soft,1:49.659,+9.781,+46.752,Running
52,16,16,0,Al Fabet,Villiuride Racing,Medium,1:50.222,+0.050,+4.510,Mechanical failure on lap 35
52,17,17,0,Monica Niculescu,Dacia Racing Team,Hard,1:51.876,+2.143,+15.677,Crashed on lap 35
52,18,18,0,Clara Longo,Icarus,Hard,1:52.196,+7.685,+40.420,Mechanical failure on lap 27
53,1,1,0,Franc Abel,Shell Motorsports,Medium,1:51.098,-,-,Running
53,2,2,0,Fidan Basak,Pulang Kabayo Racing,Hard,1:51.671,+4.114,+4.114,Running
53,3,3,0,Berend Boer,Shell Motorsports,Medium,1:51.191,+10.243,+14.356,Running
53,4,4,0,Jamar Henry,Trike Motorsports,Soft,1:51.041,+1.943,+16.299,Running
53,5,5,0,Mark Graham,Trike Motorsports,Soft,1:49.832,+1.950,+18.250,Running
53,6,6,0,Eli Huertez,Pulang Kabayo Racing,Soft,1:49.785,+0.467,+18.717,Running
53,7,7,0,Sydney Aspen,Villiuride Racing,Hard,1:52.607,+2.459,+21.176,Running
53,8,8,0,Aida Haque,Icarus,Soft,1:50.280,+0.050,+21.226,Running
53,9,9,0,Aleksa Kozlov,LFL Engineering,Medium,1:51.467,+2.736,+23.962,Running
53,10,11,1,Kanno Sora,LFL Engineering,Soft,1:50.876,+2.144,+26.106,Running
53,11,12,1,Liesje Roser,Dacia Racing Team,Medium,1:52.274,+1.448,+27.553,Running
53,12,10,-2,Ye Li,Racing Life,Medium,1:56.279,+2.567,+30.121,Running
53,13,13,0,Damien Quibuyen,Mercedes AMG Motorsport,Medium,1:52.013,+3.244,+33.364,Running
53,14,14,0,Niamh Murphy,Racing Life,Hard,1:52.773,+5.282,+38.647,Running
53,15,15,0,Ananda Chohan,Mercedes AMG Motorsport,Soft,1:50.657,+7.665,+46.312,Running
53,16,16,0,Al Fabet,Villiuride Racing,Medium,1:50.222,+0.050,+4.510,Mechanical failure on lap 35
53,17,17,0,Monica Niculescu,Dacia Racing Team,Hard,1:51.876,+2.143,+15.677,Crashed on lap 35
53,18,18,0,Clara Longo,Icarus,Hard,1:52.196,+7.685,+40.420,Mechanical failure on lap 27
